"","ligand","receptor","cell_from_mean_exprs","cell_from","cell_to_mean_exprs","cell_to","comm_type"
"769","CCL5","CXCR3",5132.66666666667,7,377.928571428571,8,"cytokine"
"771","CCL5","CXCR3",5132.66666666667,7,346.55,6,"cytokine"
"770","CCL5","CXCR3",5132.66666666667,7,340.690476190476,7,"cytokine"
"889","CXCL13","CXCR3",4331.07142857143,8,377.928571428571,8,"cytokine"
"772","CCL5","CXCR3",5132.66666666667,7,296.14798206278,5,"cytokine"
"785","CCL5","CXCR3",4005.80269058296,5,377.928571428571,8,"cytokine"
"891","CXCL13","CXCR3",4331.07142857143,8,346.55,6,"cytokine"
"890","CXCL13","CXCR3",4331.07142857143,8,340.690476190476,7,"cytokine"
"777","CCL5","CXCR3",3804.4125,6,377.928571428571,8,"cytokine"
"787","CCL5","CXCR3",4005.80269058296,5,346.55,6,"cytokine"
"786","CCL5","CXCR3",4005.80269058296,5,340.690476190476,7,"cytokine"
"779","CCL5","CXCR3",3804.4125,6,346.55,6,"cytokine"
"594","CCL5","CCR1",5132.66666666667,7,253.64880952381,7,"cytokine"
"778","CCL5","CXCR3",3804.4125,6,340.690476190476,7,"cytokine"
"892","CXCL13","CXCR3",4331.07142857143,8,296.14798206278,5,"cytokine"
"773","CCL5","CXCR3",5132.66666666667,7,242.109947643979,4,"cytokine"
"788","CCL5","CXCR3",4005.80269058296,5,296.14798206278,5,"cytokine"
"761","CCL5","CXCR3",3134.80952380952,8,377.928571428571,8,"cytokine"
"780","CCL5","CXCR3",3804.4125,6,296.14798206278,5,"cytokine"
"763","CCL5","CXCR3",3134.80952380952,8,346.55,6,"cytokine"
"762","CCL5","CXCR3",3134.80952380952,8,340.690476190476,7,"cytokine"
"793","CCL5","CXCR3",2804.65445026178,4,377.928571428571,8,"cytokine"
"893","CXCL13","CXCR3",4331.07142857143,8,242.109947643979,4,"cytokine"
"706","CCL5","CCR5",5132.66666666667,7,202.815476190476,7,"cytokine"
"610","CCL5","CCR1",4005.80269058296,5,253.64880952381,7,"cytokine"
"774","CCL5","CXCR3",5132.66666666667,7,192.424731182796,3,"cytokine"
"801","CCL5","CXCR3",2587.40860215054,3,377.928571428571,8,"cytokine"
"795","CCL5","CXCR3",2804.65445026178,4,346.55,6,"cytokine"
"789","CCL5","CXCR3",4005.80269058296,5,242.109947643979,4,"cytokine"
"602","CCL5","CCR1",3804.4125,6,253.64880952381,7,"cytokine"
"794","CCL5","CXCR3",2804.65445026178,4,340.690476190476,7,"cytokine"
"764","CCL5","CXCR3",3134.80952380952,8,296.14798206278,5,"cytokine"
"781","CCL5","CXCR3",3804.4125,6,242.109947643979,4,"cytokine"
"803","CCL5","CXCR3",2587.40860215054,3,346.55,6,"cytokine"
"802","CCL5","CXCR3",2587.40860215054,3,340.690476190476,7,"cytokine"
"705","CCL5","CCR5",5132.66666666667,7,165.952380952381,8,"cytokine"
"707","CCL5","CCR5",5132.66666666667,7,164.8125,6,"cytokine"
"894","CXCL13","CXCR3",4331.07142857143,8,192.424731182796,3,"cytokine"
"796","CCL5","CXCR3",2804.65445026178,4,296.14798206278,5,"cytokine"
"809","CCL5","CXCR3",2184.32291666667,2,377.928571428571,8,"cytokine"
"722","CCL5","CCR5",4005.80269058296,5,202.815476190476,7,"cytokine"
"586","CCL5","CCR1",3134.80952380952,8,253.64880952381,7,"cytokine"
"595","CCL5","CCR1",5132.66666666667,7,154.0375,6,"cytokine"
"714","CCL5","CCR5",3804.4125,6,202.815476190476,7,"cytokine"
"790","CCL5","CXCR3",4005.80269058296,5,192.424731182796,3,"cytokine"
"804","CCL5","CXCR3",2587.40860215054,3,296.14798206278,5,"cytokine"
"765","CCL5","CXCR3",3134.80952380952,8,242.109947643979,4,"cytokine"
"811","CCL5","CXCR3",2184.32291666667,2,346.55,6,"cytokine"
"810","CCL5","CXCR3",2184.32291666667,2,340.690476190476,7,"cytokine"
"782","CCL5","CXCR3",3804.4125,6,192.424731182796,3,"cytokine"
"775","CCL5","CXCR3",5132.66666666667,7,142.015625,2,"cytokine"
"618","CCL5","CCR1",2804.65445026178,4,253.64880952381,7,"cytokine"
"897","CXCL13","CXCR3",1872.32738095238,7,377.928571428571,8,"cytokine"
"817","CCL5","CXCR3",1845.75139664804,1,377.928571428571,8,"cytokine"
"797","CCL5","CXCR3",2804.65445026178,4,242.109947643979,4,"cytokine"
"776","CCL5","CXCR3",5132.66666666667,7,130.768156424581,1,"cytokine"
"708","CCL5","CCR5",5132.66666666667,7,130.318385650224,5,"cytokine"
"721","CCL5","CCR5",4005.80269058296,5,165.952380952381,8,"cytokine"
"723","CCL5","CCR5",4005.80269058296,5,164.8125,6,"cytokine"
"626","CCL5","CCR1",2587.40860215054,3,253.64880952381,7,"cytokine"
"899","CXCL13","CXCR3",1872.32738095238,7,346.55,6,"cytokine"
"812","CCL5","CXCR3",2184.32291666667,2,296.14798206278,5,"cytokine"
"819","CCL5","CXCR3",1845.75139664804,1,346.55,6,"cytokine"
"898","CXCL13","CXCR3",1872.32738095238,7,340.690476190476,7,"cytokine"
"698","CCL5","CCR5",3134.80952380952,8,202.815476190476,7,"cytokine"
"713","CCL5","CCR5",3804.4125,6,165.952380952381,8,"cytokine"
"818","CCL5","CXCR3",1845.75139664804,1,340.690476190476,7,"cytokine"
"715","CCL5","CCR5",3804.4125,6,164.8125,6,"cytokine"
"805","CCL5","CXCR3",2587.40860215054,3,242.109947643979,4,"cytokine"
"611","CCL5","CCR1",4005.80269058296,5,154.0375,6,"cytokine"
"895","CXCL13","CXCR3",4331.07142857143,8,142.015625,2,"cytokine"
"450","CCL4","CCR1",2378.52380952381,8,253.64880952381,7,"cytokine"
"766","CCL5","CXCR3",3134.80952380952,8,192.424731182796,3,"cytokine"
"603","CCL5","CCR1",3804.4125,6,154.0375,6,"cytokine"
"466","CCL4","CCR1",2280.31875,6,253.64880952381,7,"cytokine"
"791","CCL5","CXCR3",4005.80269058296,5,142.015625,2,"cytokine"
"730","CCL5","CCR5",2804.65445026178,4,202.815476190476,7,"cytokine"
"896","CXCL13","CXCR3",4331.07142857143,8,130.768156424581,1,"cytokine"
"593","CCL5","CCR1",5132.66666666667,7,109.607142857143,8,"cytokine"
"900","CXCL13","CXCR3",1872.32738095238,7,296.14798206278,5,"cytokine"
"634","CCL5","CCR1",2184.32291666667,2,253.64880952381,7,"cytokine"
"905","CXCL13","CXCR3",1447.1,6,377.928571428571,8,"cytokine"
"820","CCL5","CXCR3",1845.75139664804,1,296.14798206278,5,"cytokine"
"783","CCL5","CXCR3",3804.4125,6,142.015625,2,"cytokine"
"798","CCL5","CXCR3",2804.65445026178,4,192.424731182796,3,"cytokine"
"813","CCL5","CXCR3",2184.32291666667,2,242.109947643979,4,"cytokine"
"738","CCL5","CCR5",2587.40860215054,3,202.815476190476,7,"cytokine"
"792","CCL5","CXCR3",4005.80269058296,5,130.768156424581,1,"cytokine"
"724","CCL5","CCR5",4005.80269058296,5,130.318385650224,5,"cytokine"
"697","CCL5","CCR5",3134.80952380952,8,165.952380952381,8,"cytokine"
"699","CCL5","CCR5",3134.80952380952,8,164.8125,6,"cytokine"
"458","CCL4","CCR1",2021.89285714286,7,253.64880952381,7,"cytokine"
"907","CXCL13","CXCR3",1447.1,6,346.55,6,"cytokine"
"806","CCL5","CXCR3",2587.40860215054,3,192.424731182796,3,"cytokine"
"784","CCL5","CXCR3",3804.4125,6,130.768156424581,1,"cytokine"
"716","CCL5","CCR5",3804.4125,6,130.318385650224,5,"cytokine"
"906","CXCL13","CXCR3",1447.1,6,340.690476190476,7,"cytokine"
"587","CCL5","CCR1",3134.80952380952,8,154.0375,6,"cytokine"
"514","CCL4","CCR5",2378.52380952381,8,202.815476190476,7,"cytokine"
"596","CCL5","CCR1",5132.66666666667,7,93.8744394618834,5,"cytokine"
"642","CCL5","CCR1",1845.75139664804,1,253.64880952381,7,"cytokine"
"729","CCL5","CCR5",2804.65445026178,4,165.952380952381,8,"cytokine"
"530","CCL4","CCR5",2280.31875,6,202.815476190476,7,"cytokine"
"731","CCL5","CCR5",2804.65445026178,4,164.8125,6,"cytokine"
"709","CCL5","CCR5",5132.66666666667,7,89.2146596858639,4,"cytokine"
"901","CXCL13","CXCR3",1872.32738095238,7,242.109947643979,4,"cytokine"
"821","CCL5","CXCR3",1845.75139664804,1,242.109947643979,4,"cytokine"
"767","CCL5","CXCR3",3134.80952380952,8,142.015625,2,"cytokine"
"746","CCL5","CCR5",2184.32291666667,2,202.815476190476,7,"cytokine"
"609","CCL5","CCR1",4005.80269058296,5,109.607142857143,8,"cytokine"
"619","CCL5","CCR1",2804.65445026178,4,154.0375,6,"cytokine"
"737","CCL5","CCR5",2587.40860215054,3,165.952380952381,8,"cytokine"
"908","CXCL13","CXCR3",1447.1,6,296.14798206278,5,"cytokine"
"739","CCL5","CCR5",2587.40860215054,3,164.8125,6,"cytokine"
"814","CCL5","CXCR3",2184.32291666667,2,192.424731182796,3,"cytokine"
"601","CCL5","CCR1",3804.4125,6,109.607142857143,8,"cytokine"
"522","CCL4","CCR5",2021.89285714286,7,202.815476190476,7,"cytokine"
"768","CCL5","CXCR3",3134.80952380952,8,130.768156424581,1,"cytokine"
"700","CCL5","CCR5",3134.80952380952,8,130.318385650224,5,"cytokine"
"627","CCL5","CCR1",2587.40860215054,3,154.0375,6,"cytokine"
"799","CCL5","CXCR3",2804.65445026178,4,142.015625,2,"cytokine"
"513","CCL4","CCR5",2378.52380952381,8,165.952380952381,8,"cytokine"
"490","CCL4","CCR1",1550.86559139785,3,253.64880952381,7,"cytokine"
"515","CCL4","CCR5",2378.52380952381,8,164.8125,6,"cytokine"
"529","CCL4","CCR5",2280.31875,6,165.952380952381,8,"cytokine"
"612","CCL5","CCR1",4005.80269058296,5,93.8744394618834,5,"cytokine"
"531","CCL4","CCR5",2280.31875,6,164.8125,6,"cytokine"
"754","CCL5","CCR5",1845.75139664804,1,202.815476190476,7,"cytokine"
"807","CCL5","CXCR3",2587.40860215054,3,142.015625,2,"cytokine"
"800","CCL5","CXCR3",2804.65445026178,4,130.768156424581,1,"cytokine"
"451","CCL4","CCR1",2378.52380952381,8,154.0375,6,"cytokine"
"732","CCL5","CCR5",2804.65445026178,4,130.318385650224,5,"cytokine"
"745","CCL5","CCR5",2184.32291666667,2,165.952380952381,8,"cytokine"
"902","CXCL13","CXCR3",1872.32738095238,7,192.424731182796,3,"cytokine"
"747","CCL5","CCR5",2184.32291666667,2,164.8125,6,"cytokine"
"597","CCL5","CCR1",5132.66666666667,7,69.9528795811518,4,"cytokine"
"725","CCL5","CCR5",4005.80269058296,5,89.2146596858639,4,"cytokine"
"604","CCL5","CCR1",3804.4125,6,93.8744394618834,5,"cytokine"
"822","CCL5","CXCR3",1845.75139664804,1,192.424731182796,3,"cytokine"
"482","CCL4","CCR1",1396.84816753927,4,253.64880952381,7,"cytokine"
"467","CCL4","CCR1",2280.31875,6,154.0375,6,"cytokine"
"909","CXCL13","CXCR3",1447.1,6,242.109947643979,4,"cytokine"
"913","CXCL13","CXCR3",916.959641255605,5,377.928571428571,8,"cytokine"
"710","CCL5","CCR5",5132.66666666667,7,67.3387096774194,3,"cytokine"
"585","CCL5","CCR1",3134.80952380952,8,109.607142857143,8,"cytokine"
"717","CCL5","CCR5",3804.4125,6,89.2146596858639,4,"cytokine"
"808","CCL5","CXCR3",2587.40860215054,3,130.768156424581,1,"cytokine"
"740","CCL5","CCR5",2587.40860215054,3,130.318385650224,5,"cytokine"
"635","CCL5","CCR1",2184.32291666667,2,154.0375,6,"cytokine"
"521","CCL4","CCR5",2021.89285714286,7,165.952380952381,8,"cytokine"
"523","CCL4","CCR5",2021.89285714286,7,164.8125,6,"cytokine"
"498","CCL4","CCR1",1297.66145833333,2,253.64880952381,7,"cytokine"
"833","CCL5","SDC4",5132.66666666667,7,62.0892857142857,8,"cytokine"
"915","CXCL13","CXCR3",916.959641255605,5,346.55,6,"cytokine"
"554","CCL4","CCR5",1550.86559139785,3,202.815476190476,7,"cytokine"
"914","CXCL13","CXCR3",916.959641255605,5,340.690476190476,7,"cytokine"
"459","CCL4","CCR1",2021.89285714286,7,154.0375,6,"cytokine"
"815","CCL5","CXCR3",2184.32291666667,2,142.015625,2,"cytokine"
"516","CCL4","CCR5",2378.52380952381,8,130.318385650224,5,"cytokine"
"617","CCL5","CCR1",2804.65445026178,4,109.607142857143,8,"cytokine"
"753","CCL5","CCR5",1845.75139664804,1,165.952380952381,8,"cytokine"
"755","CCL5","CCR5",1845.75139664804,1,164.8125,6,"cytokine"
"274","CCL3","CCR1",1185.625,8,253.64880952381,7,"cytokine"
"532","CCL4","CCR5",2280.31875,6,130.318385650224,5,"cytokine"
"588","CCL5","CCR1",3134.80952380952,8,93.8744394618834,5,"cytokine"
"816","CCL5","CXCR3",2184.32291666667,2,130.768156424581,1,"cytokine"
"748","CCL5","CCR5",2184.32291666667,2,130.318385650224,5,"cytokine"
"643","CCL5","CCR1",1845.75139664804,1,154.0375,6,"cytokine"
"625","CCL5","CCR1",2587.40860215054,3,109.607142857143,8,"cytokine"
"546","CCL4","CCR5",1396.84816753927,4,202.815476190476,7,"cytokine"
"613","CCL5","CCR1",4005.80269058296,5,69.9528795811518,4,"cytokine"
"701","CCL5","CCR5",3134.80952380952,8,89.2146596858639,4,"cytokine"
"910","CXCL13","CXCR3",1447.1,6,192.424731182796,3,"cytokine"
"506","CCL4","CCR1",1083.89664804469,1,253.64880952381,7,"cytokine"
"916","CXCL13","CXCR3",916.959641255605,5,296.14798206278,5,"cytokine"
"726","CCL5","CCR5",4005.80269058296,5,67.3387096774194,3,"cytokine"
"605","CCL5","CCR1",3804.4125,6,69.9528795811518,4,"cytokine"
"903","CXCL13","CXCR3",1872.32738095238,7,142.015625,2,"cytokine"
"524","CCL4","CCR5",2021.89285714286,7,130.318385650224,5,"cytokine"
"620","CCL5","CCR1",2804.65445026178,4,93.8744394618834,5,"cytokine"
"562","CCL4","CCR5",1297.66145833333,2,202.815476190476,7,"cytokine"
"823","CCL5","CXCR3",1845.75139664804,1,142.015625,2,"cytokine"
"711","CCL5","CCR5",5132.66666666667,7,50.84375,2,"cytokine"
"449","CCL4","CCR1",2378.52380952381,8,109.607142857143,8,"cytokine"
"553","CCL4","CCR5",1550.86559139785,3,165.952380952381,8,"cytokine"
"718","CCL5","CCR5",3804.4125,6,67.3387096774194,3,"cytokine"
"555","CCL4","CCR5",1550.86559139785,3,164.8125,6,"cytokine"
"474","CCL4","CCR1",1004.43946188341,5,253.64880952381,7,"cytokine"
"733","CCL5","CCR5",2804.65445026178,4,89.2146596858639,4,"cytokine"
"465","CCL4","CCR1",2280.31875,6,109.607142857143,8,"cytokine"
"849","CCL5","SDC4",4005.80269058296,5,62.0892857142857,8,"cytokine"
"904","CXCL13","CXCR3",1872.32738095238,7,130.768156424581,1,"cytokine"
"628","CCL5","CCR1",2587.40860215054,3,93.8744394618834,5,"cytokine"
"824","CCL5","CXCR3",1845.75139664804,1,130.768156424581,1,"cytokine"
"756","CCL5","CCR5",1845.75139664804,1,130.318385650224,5,"cytokine"
"386","CCL3","CCR5",1185.625,8,202.815476190476,7,"cytokine"
"633","CCL5","CCR1",2184.32291666667,2,109.607142857143,8,"cytokine"
"491","CCL4","CCR1",1550.86559139785,3,154.0375,6,"cytokine"
"841","CCL5","SDC4",3804.4125,6,62.0892857142857,8,"cytokine"
"545","CCL4","CCR5",1396.84816753927,4,165.952380952381,8,"cytokine"
"741","CCL5","CCR5",2587.40860215054,3,89.2146596858639,4,"cytokine"
"547","CCL4","CCR5",1396.84816753927,4,164.8125,6,"cytokine"
"452","CCL4","CCR1",2378.52380952381,8,93.8744394618834,5,"cytokine"
"917","CXCL13","CXCR3",916.959641255605,5,242.109947643979,4,"cytokine"
"457","CCL4","CCR1",2021.89285714286,7,109.607142857143,8,"cytokine"
"570","CCL4","CCR5",1083.89664804469,1,202.815476190476,7,"cytokine"
"589","CCL5","CCR1",3134.80952380952,8,69.9528795811518,4,"cytokine"
"561","CCL4","CCR5",1297.66145833333,2,165.952380952381,8,"cytokine"
"483","CCL4","CCR1",1396.84816753927,4,154.0375,6,"cytokine"
"468","CCL4","CCR1",2280.31875,6,93.8744394618834,5,"cytokine"
"563","CCL4","CCR5",1297.66145833333,2,164.8125,6,"cytokine"
"517","CCL4","CCR5",2378.52380952381,8,89.2146596858639,4,"cytokine"
"702","CCL5","CCR5",3134.80952380952,8,67.3387096774194,3,"cytokine"
"911","CXCL13","CXCR3",1447.1,6,142.015625,2,"cytokine"
"636","CCL5","CCR1",2184.32291666667,2,93.8744394618834,5,"cytokine"
"538","CCL4","CCR5",1004.43946188341,5,202.815476190476,7,"cytokine"
"727","CCL5","CCR5",4005.80269058296,5,50.84375,2,"cytokine"
"533","CCL4","CCR5",2280.31875,6,89.2146596858639,4,"cytokine"
"641","CCL5","CCR1",1845.75139664804,1,109.607142857143,8,"cytokine"
"556","CCL4","CCR5",1550.86559139785,3,130.318385650224,5,"cytokine"
"499","CCL4","CCR1",1297.66145833333,2,154.0375,6,"cytokine"
"385","CCL3","CCR5",1185.625,8,165.952380952381,8,"cytokine"
"621","CCL5","CCR1",2804.65445026178,4,69.9528795811518,4,"cytokine"
"387","CCL3","CCR5",1185.625,8,164.8125,6,"cytokine"
"749","CCL5","CCR5",2184.32291666667,2,89.2146596858639,4,"cytokine"
"825","CCL5","SDC4",3134.80952380952,8,62.0892857142857,8,"cytokine"
"719","CCL5","CCR5",3804.4125,6,50.84375,2,"cytokine"
"460","CCL4","CCR1",2021.89285714286,7,93.8744394618834,5,"cytokine"
"912","CXCL13","CXCR3",1447.1,6,130.768156424581,1,"cytokine"
"734","CCL5","CCR5",2804.65445026178,4,67.3387096774194,3,"cytokine"
"835","CCL5","SDC4",5132.66666666667,7,35.78125,6,"cytokine"
"275","CCL3","CCR1",1185.625,8,154.0375,6,"cytokine"
"548","CCL4","CCR5",1396.84816753927,4,130.318385650224,5,"cytokine"
"629","CCL5","CCR1",2587.40860215054,3,69.9528795811518,4,"cytokine"
"525","CCL4","CCR5",2021.89285714286,7,89.2146596858639,4,"cytokine"
"569","CCL4","CCR5",1083.89664804469,1,165.952380952381,8,"cytokine"
"571","CCL4","CCR5",1083.89664804469,1,164.8125,6,"cytokine"
"918","CXCL13","CXCR3",916.959641255605,5,192.424731182796,3,"cytokine"
"742","CCL5","CCR5",2587.40860215054,3,67.3387096774194,3,"cytokine"
"857","CCL5","SDC4",2804.65445026178,4,62.0892857142857,8,"cytokine"
"644","CCL5","CCR1",1845.75139664804,1,93.8744394618834,5,"cytokine"
"929","CXCL13","CXCR3",450.532258064516,3,377.928571428571,8,"cytokine"
"489","CCL4","CCR1",1550.86559139785,3,109.607142857143,8,"cytokine"
"564","CCL4","CCR5",1297.66145833333,2,130.318385650224,5,"cytokine"
"507","CCL4","CCR1",1083.89664804469,1,154.0375,6,"cytokine"
"537","CCL4","CCR5",1004.43946188341,5,165.952380952381,8,"cytokine"
"453","CCL4","CCR1",2378.52380952381,8,69.9528795811518,4,"cytokine"
"539","CCL4","CCR5",1004.43946188341,5,164.8125,6,"cytokine"
"757","CCL5","CCR5",1845.75139664804,1,89.2146596858639,4,"cytokine"
"865","CCL5","SDC4",2587.40860215054,3,62.0892857142857,8,"cytokine"
"518","CCL4","CCR5",2378.52380952381,8,67.3387096774194,3,"cytokine"
"469","CCL4","CCR1",2280.31875,6,69.9528795811518,4,"cytokine"
"703","CCL5","CCR5",3134.80952380952,8,50.84375,2,"cytokine"
"921","CXCL13","CXCR3",416.947643979058,4,377.928571428571,8,"cytokine"
"931","CXCL13","CXCR3",450.532258064516,3,346.55,6,"cytokine"
"475","CCL4","CCR1",1004.43946188341,5,154.0375,6,"cytokine"
"388","CCL3","CCR5",1185.625,8,130.318385650224,5,"cytokine"
"534","CCL4","CCR5",2280.31875,6,67.3387096774194,3,"cytokine"
"930","CXCL13","CXCR3",450.532258064516,3,340.690476190476,7,"cytokine"
"481","CCL4","CCR1",1396.84816753927,4,109.607142857143,8,"cytokine"
"637","CCL5","CCR1",2184.32291666667,2,69.9528795811518,4,"cytokine"
"712","CCL5","CCR5",5132.66666666667,7,29.1368715083799,1,"cytokine"
"750","CCL5","CCR5",2184.32291666667,2,67.3387096774194,3,"cytokine"
"492","CCL4","CCR1",1550.86559139785,3,93.8744394618834,5,"cytokine"
"923","CXCL13","CXCR3",416.947643979058,4,346.55,6,"cytokine"
"851","CCL5","SDC4",4005.80269058296,5,35.78125,6,"cytokine"
"282","CCL3","CCR1",563.077380952381,7,253.64880952381,7,"cytokine"
"735","CCL5","CCR5",2804.65445026178,4,50.84375,2,"cytokine"
"497","CCL4","CCR1",1297.66145833333,2,109.607142857143,8,"cytokine"
"922","CXCL13","CXCR3",416.947643979058,4,340.690476190476,7,"cytokine"
"461","CCL4","CCR1",2021.89285714286,7,69.9528795811518,4,"cytokine"
"572","CCL4","CCR5",1083.89664804469,1,130.318385650224,5,"cytokine"
"655","CCL5","CCR4",5132.66666666667,7,27.1845238095238,8,"cytokine"
"557","CCL4","CCR5",1550.86559139785,3,89.2146596858639,4,"cytokine"
"526","CCL4","CCR5",2021.89285714286,7,67.3387096774194,3,"cytokine"
"843","CCL5","SDC4",3804.4125,6,35.78125,6,"cytokine"
"873","CCL5","SDC4",2184.32291666667,2,62.0892857142857,8,"cytokine"
"932","CXCL13","CXCR3",450.532258064516,3,296.14798206278,5,"cytokine"
"743","CCL5","CCR5",2587.40860215054,3,50.84375,2,"cytokine"
"484","CCL4","CCR1",1396.84816753927,4,93.8744394618834,5,"cytokine"
"540","CCL4","CCR5",1004.43946188341,5,130.318385650224,5,"cytokine"
"919","CXCL13","CXCR3",916.959641255605,5,142.015625,2,"cytokine"
"273","CCL3","CCR1",1185.625,8,109.607142857143,8,"cytokine"
"645","CCL5","CCR1",1845.75139664804,1,69.9528795811518,4,"cytokine"
"549","CCL4","CCR5",1396.84816753927,4,89.2146596858639,4,"cytokine"
"758","CCL5","CCR5",1845.75139664804,1,67.3387096774194,3,"cytokine"
"924","CXCL13","CXCR3",416.947643979058,4,296.14798206278,5,"cytokine"
"500","CCL4","CCR1",1297.66145833333,2,93.8744394618834,5,"cytokine"
"598","CCL5","CCR1",5132.66666666667,7,23.7311827956989,3,"cytokine"
"519","CCL4","CCR5",2378.52380952381,8,50.84375,2,"cytokine"
"920","CXCL13","CXCR3",916.959641255605,5,130.768156424581,1,"cytokine"
"505","CCL4","CCR1",1083.89664804469,1,109.607142857143,8,"cytokine"
"728","CCL5","CCR5",4005.80269058296,5,29.1368715083799,1,"cytokine"
"535","CCL4","CCR5",2280.31875,6,50.84375,2,"cytokine"
"565","CCL4","CCR5",1297.66145833333,2,89.2146596858639,4,"cytokine"
"881","CCL5","SDC4",1845.75139664804,1,62.0892857142857,8,"cytokine"
"394","CCL3","CCR5",563.077380952381,7,202.815476190476,7,"cytokine"
"290","CCL3","CCR1",450.21875,6,253.64880952381,7,"cytokine"
"827","CCL5","SDC4",3134.80952380952,8,35.78125,6,"cytokine"
"834","CCL5","SDC4",5132.66666666667,7,21.8035714285714,7,"cytokine"
"276","CCL3","CCR1",1185.625,8,93.8744394618834,5,"cytokine"
"751","CCL5","CCR5",2184.32291666667,2,50.84375,2,"cytokine"
"720","CCL5","CCR5",3804.4125,6,29.1368715083799,1,"cytokine"
"473","CCL4","CCR1",1004.43946188341,5,109.607142857143,8,"cytokine"
"933","CXCL13","CXCR3",450.532258064516,3,242.109947643979,4,"cytokine"
"667","CCL5","CCR4",4005.80269058296,5,27.1845238095238,8,"cytokine"
"493","CCL4","CCR1",1550.86559139785,3,69.9528795811518,4,"cytokine"
"937","CXCL13","CXCR3",280.041666666667,2,377.928571428571,8,"cytokine"
"389","CCL3","CCR5",1185.625,8,89.2146596858639,4,"cytokine"
"558","CCL4","CCR5",1550.86559139785,3,67.3387096774194,3,"cytokine"
"661","CCL5","CCR4",3804.4125,6,27.1845238095238,8,"cytokine"
"527","CCL4","CCR5",2021.89285714286,7,50.84375,2,"cytokine"
"508","CCL4","CCR1",1083.89664804469,1,93.8744394618834,5,"cytokine"
"925","CXCL13","CXCR3",416.947643979058,4,242.109947643979,4,"cytokine"
"859","CCL5","SDC4",2804.65445026178,4,35.78125,6,"cytokine"
"840","CCL5","SDC4",5132.66666666667,7,19.5418994413408,1,"cytokine"
"656","CCL5","CCR4",5132.66666666667,7,19.1785714285714,7,"cytokine"
"485","CCL4","CCR1",1396.84816753927,4,69.9528795811518,4,"cytokine"
"939","CXCL13","CXCR3",280.041666666667,2,346.55,6,"cytokine"
"573","CCL4","CCR5",1083.89664804469,1,89.2146596858639,4,"cytokine"
"938","CXCL13","CXCR3",280.041666666667,2,340.690476190476,7,"cytokine"
"614","CCL5","CCR1",4005.80269058296,5,23.7311827956989,3,"cytokine"
"956","CXCL13","CXCR5",4331.07142857143,8,21.9385474860335,1,"cytokine"
"476","CCL4","CCR1",1004.43946188341,5,93.8744394618834,5,"cytokine"
"550","CCL4","CCR5",1396.84816753927,4,67.3387096774194,3,"cytokine"
"759","CCL5","CCR5",1845.75139664804,1,50.84375,2,"cytokine"
"393","CCL3","CCR5",563.077380952381,7,165.952380952381,8,"cytokine"
"395","CCL3","CCR5",563.077380952381,7,164.8125,6,"cytokine"
"867","CCL5","SDC4",2587.40860215054,3,35.78125,6,"cytokine"
"704","CCL5","CCR5",3134.80952380952,8,29.1368715083799,1,"cytokine"
"402","CCL3","CCR5",450.21875,6,202.815476190476,7,"cytokine"
"501","CCL4","CCR1",1297.66145833333,2,69.9528795811518,4,"cytokine"
"606","CCL5","CCR1",3804.4125,6,23.7311827956989,3,"cytokine"
"541","CCL4","CCR5",1004.43946188341,5,89.2146596858639,4,"cytokine"
"566","CCL4","CCR5",1297.66145833333,2,67.3387096774194,3,"cytokine"
"850","CCL5","SDC4",4005.80269058296,5,21.8035714285714,7,"cytokine"
"283","CCL3","CCR1",563.077380952381,7,154.0375,6,"cytokine"
"934","CXCL13","CXCR3",450.532258064516,3,192.424731182796,3,"cytokine"
"649","CCL5","CCR4",3134.80952380952,8,27.1845238095238,8,"cytokine"
"660","CCL5","CCR4",5132.66666666667,7,16.5586592178771,1,"cytokine"
"842","CCL5","SDC4",3804.4125,6,21.8035714285714,7,"cytokine"
"277","CCL3","CCR1",1185.625,8,69.9528795811518,4,"cytokine"
"940","CXCL13","CXCR3",280.041666666667,2,296.14798206278,5,"cytokine"
"736","CCL5","CCR5",2804.65445026178,4,29.1368715083799,1,"cytokine"
"926","CXCL13","CXCR3",416.947643979058,4,192.424731182796,3,"cytokine"
"838","CCL5","SDC4",5132.66666666667,7,15.6290322580645,3,"cytokine"
"390","CCL3","CCR5",1185.625,8,67.3387096774194,3,"cytokine"
"559","CCL4","CCR5",1550.86559139785,3,50.84375,2,"cytokine"
"856","CCL5","SDC4",4005.80269058296,5,19.5418994413408,1,"cytokine"
"875","CCL5","SDC4",2184.32291666667,2,35.78125,6,"cytokine"
"668","CCL5","CCR4",4005.80269058296,5,19.1785714285714,7,"cytokine"
"673","CCL5","CCR4",2804.65445026178,4,27.1845238095238,8,"cytokine"
"509","CCL4","CCR1",1083.89664804469,1,69.9528795811518,4,"cytokine"
"744","CCL5","CCR5",2587.40860215054,3,29.1368715083799,1,"cytokine"
"599","CCL5","CCR1",5132.66666666667,7,14.5677083333333,2,"cytokine"
"401","CCL3","CCR5",450.21875,6,165.952380952381,8,"cytokine"
"590","CCL5","CCR1",3134.80952380952,8,23.7311827956989,3,"cytokine"
"848","CCL5","SDC4",3804.4125,6,19.5418994413408,1,"cytokine"
"403","CCL3","CCR5",450.21875,6,164.8125,6,"cytokine"
"396","CCL3","CCR5",563.077380952381,7,130.318385650224,5,"cytokine"
"574","CCL4","CCR5",1083.89664804469,1,67.3387096774194,3,"cytokine"
"662","CCL5","CCR4",3804.4125,6,19.1785714285714,7,"cytokine"
"836","CCL5","SDC4",5132.66666666667,7,14.1076233183857,5,"cytokine"
"551","CCL4","CCR5",1396.84816753927,4,50.84375,2,"cytokine"
"679","CCL5","CCR4",2587.40860215054,3,27.1845238095238,8,"cytokine"
"477","CCL4","CCR1",1004.43946188341,5,69.9528795811518,4,"cytokine"
"839","CCL5","SDC4",5132.66666666667,7,13.6197916666667,2,"cytokine"
"837","CCL5","SDC4",5132.66666666667,7,13.5392670157068,4,"cytokine"
"291","CCL3","CCR1",450.21875,6,154.0375,6,"cytokine"
"520","CCL4","CCR5",2378.52380952381,8,29.1368715083799,1,"cytokine"
"657","CCL5","CCR4",5132.66666666667,7,13.4843049327354,5,"cytokine"
"826","CCL5","SDC4",3134.80952380952,8,21.8035714285714,7,"cytokine"
"941","CXCL13","CXCR3",280.041666666667,2,242.109947643979,4,"cytokine"
"542","CCL4","CCR5",1004.43946188341,5,67.3387096774194,3,"cytokine"
"622","CCL5","CCR1",2804.65445026178,4,23.7311827956989,3,"cytokine"
"536","CCL4","CCR5",2280.31875,6,29.1368715083799,1,"cytokine"
"672","CCL5","CCR4",4005.80269058296,5,16.5586592178771,1,"cytokine"
"883","CCL5","SDC4",1845.75139664804,1,35.78125,6,"cytokine"
"567","CCL4","CCR5",1297.66145833333,2,50.84375,2,"cytokine"
"306","CCL3","CCR1",259.937172774869,4,253.64880952381,7,"cytokine"
"935","CXCL13","CXCR3",450.532258064516,3,142.015625,2,"cytokine"
"752","CCL5","CCR5",2184.32291666667,2,29.1368715083799,1,"cytokine"
"945","CXCL13","CXCR3",167.72905027933,1,377.928571428571,8,"cytokine"
"666","CCL5","CCR4",3804.4125,6,16.5586592178771,1,"cytokine"
"1110","IL16","CCR5",309.875,7,202.815476190476,7,"cytokine"
"854","CCL5","SDC4",4005.80269058296,5,15.6290322580645,3,"cytokine"
"281","CCL3","CCR1",563.077380952381,7,109.607142857143,8,"cytokine"
"630","CCL5","CCR1",2587.40860215054,3,23.7311827956989,3,"cytokine"
"832","CCL5","SDC4",3134.80952380952,8,19.5418994413408,1,"cytokine"
"858","CCL5","SDC4",2804.65445026178,4,21.8035714285714,7,"cytokine"
"1118","IL16","CCR5",297.63125,6,202.815476190476,7,"cytokine"
"391","CCL3","CCR5",1185.625,8,50.84375,2,"cytokine"
"650","CCL5","CCR4",3134.80952380952,8,19.1785714285714,7,"cytokine"
"846","CCL5","SDC4",3804.4125,6,15.6290322580645,3,"cytokine"
"685","CCL5","CCR4",2184.32291666667,2,27.1845238095238,8,"cytokine"
"927","CXCL13","CXCR3",416.947643979058,4,142.015625,2,"cytokine"
"936","CXCL13","CXCR3",450.532258064516,3,130.768156424581,1,"cytokine"
"528","CCL4","CCR5",2021.89285714286,7,29.1368715083799,1,"cytokine"
"404","CCL3","CCR5",450.21875,6,130.318385650224,5,"cytokine"
"615","CCL5","CCR1",4005.80269058296,5,14.5677083333333,2,"cytokine"
"947","CXCL13","CXCR3",167.72905027933,1,346.55,6,"cytokine"
"298","CCL3","CCR1",226.668161434978,5,253.64880952381,7,"cytokine"
"1126","IL16","CCR5",282.973094170404,5,202.815476190476,7,"cytokine"
"946","CXCL13","CXCR3",167.72905027933,1,340.690476190476,7,"cytokine"
"658","CCL5","CCR4",5132.66666666667,7,11.0994764397906,4,"cytokine"
"852","CCL5","SDC4",4005.80269058296,5,14.1076233183857,5,"cytokine"
"454","CCL4","CCR1",2378.52380952381,8,23.7311827956989,3,"cytokine"
"866","CCL5","SDC4",2587.40860215054,3,21.8035714285714,7,"cytokine"
"314","CCL3","CCR1",219.02688172043,3,253.64880952381,7,"cytokine"
"953","CXCL13","CXCR5",4331.07142857143,8,12.7982062780269,5,"cytokine"
"607","CCL5","CCR1",3804.4125,6,14.5677083333333,2,"cytokine"
"575","CCL4","CCR5",1083.89664804469,1,50.84375,2,"cytokine"
"864","CCL5","SDC4",2804.65445026178,4,19.5418994413408,1,"cytokine"
"855","CCL5","SDC4",4005.80269058296,5,13.6197916666667,2,"cytokine"
"928","CXCL13","CXCR3",416.947643979058,4,130.768156424581,1,"cytokine"
"853","CCL5","SDC4",4005.80269058296,5,13.5392670157068,4,"cytokine"
"470","CCL4","CCR1",2280.31875,6,23.7311827956989,3,"cytokine"
"669","CCL5","CCR4",4005.80269058296,5,13.4843049327354,5,"cytokine"
"942","CXCL13","CXCR3",280.041666666667,2,192.424731182796,3,"cytokine"
"674","CCL5","CCR4",2804.65445026178,4,19.1785714285714,7,"cytokine"
"760","CCL5","CCR5",1845.75139664804,1,29.1368715083799,1,"cytokine"
"844","CCL5","SDC4",3804.4125,6,14.1076233183857,5,"cytokine"
"1025","IL10","SIRPG",120.5875,6,442.369047619048,8,"cytokine"
"284","CCL3","CCR1",563.077380952381,7,93.8744394618834,5,"cytokine"
"418","CCL3","CCR5",259.937172774869,4,202.815476190476,7,"cytokine"
"654","CCL5","CCR4",3134.80952380952,8,16.5586592178771,1,"cytokine"
"638","CCL5","CCR1",2184.32291666667,2,23.7311827956989,3,"cytokine"
"847","CCL5","SDC4",3804.4125,6,13.6197916666667,2,"cytokine"
"1026","IL10","SIRPG",120.5875,6,427.654761904762,7,"cytokine"
"845","CCL5","SDC4",3804.4125,6,13.5392670157068,4,"cytokine"
"1109","IL16","CCR5",309.875,7,165.952380952381,8,"cytokine"
"663","CCL5","CCR4",3804.4125,6,13.4843049327354,5,"cytokine"
"1111","IL16","CCR5",309.875,7,164.8125,6,"cytokine"
"543","CCL4","CCR5",1004.43946188341,5,50.84375,2,"cytokine"
"872","CCL5","SDC4",2587.40860215054,3,19.5418994413408,1,"cytokine"
"397","CCL3","CCR5",563.077380952381,7,89.2146596858639,4,"cytokine"
"691","CCL5","CCR4",1845.75139664804,1,27.1845238095238,8,"cytokine"
"994","IL10","IL10RA",120.5875,6,415.452380952381,7,"cytokine"
"948","CXCL13","CXCR3",167.72905027933,1,296.14798206278,5,"cytokine"
"680","CCL5","CCR4",2587.40860215054,3,19.1785714285714,7,"cytokine"
"1117","IL16","CCR5",297.63125,6,165.952380952381,8,"cytokine"
"289","CCL3","CCR1",450.21875,6,109.607142857143,8,"cytokine"
"1119","IL16","CCR5",297.63125,6,164.8125,6,"cytokine"
"830","CCL5","SDC4",3134.80952380952,8,15.6290322580645,3,"cytokine"
"1134","IL16","CCR5",238.193717277487,4,202.815476190476,7,"cytokine"
"462","CCL4","CCR1",2021.89285714286,7,23.7311827956989,3,"cytokine"
"874","CCL5","SDC4",2184.32291666667,2,21.8035714285714,7,"cytokine"
"1125","IL16","CCR5",282.973094170404,5,165.952380952381,8,"cytokine"
"1127","IL16","CCR5",282.973094170404,5,164.8125,6,"cytokine"
"678","CCL5","CCR4",2804.65445026178,4,16.5586592178771,1,"cytokine"
"995","IL10","IL10RA",120.5875,6,384.24375,6,"cytokine"
"410","CCL3","CCR5",226.668161434978,5,202.815476190476,7,"cytokine"
"591","CCL5","CCR1",3134.80952380952,8,14.5677083333333,2,"cytokine"
"560","CCL4","CCR5",1550.86559139785,3,29.1368715083799,1,"cytokine"
"1102","IL16","CCR5",222.220238095238,8,202.815476190476,7,"cytokine"
"670","CCL5","CCR4",4005.80269058296,5,11.0994764397906,4,"cytokine"
"426","CCL3","CCR5",219.02688172043,3,202.815476190476,7,"cytokine"
"828","CCL5","SDC4",3134.80952380952,8,14.1076233183857,5,"cytokine"
"862","CCL5","SDC4",2804.65445026178,4,15.6290322580645,3,"cytokine"
"646","CCL5","CCR1",1845.75139664804,1,23.7311827956989,3,"cytokine"
"600","CCL5","CCR1",5132.66666666667,7,8.41620111731844,1,"cytokine"
"417","CCL3","CCR5",259.937172774869,4,165.952380952381,8,"cytokine"
"684","CCL5","CCR4",2587.40860215054,3,16.5586592178771,1,"cytokine"
"419","CCL3","CCR5",259.937172774869,4,164.8125,6,"cytokine"
"831","CCL5","SDC4",3134.80952380952,8,13.6197916666667,2,"cytokine"
"880","CCL5","SDC4",2184.32291666667,2,19.5418994413408,1,"cytokine"
"829","CCL5","SDC4",3134.80952380952,8,13.5392670157068,4,"cytokine"
"651","CCL5","CCR4",3134.80952380952,8,13.4843049327354,5,"cytokine"
"292","CCL3","CCR1",450.21875,6,93.8744394618834,5,"cytokine"
"664","CCL5","CCR4",3804.4125,6,11.0994764397906,4,"cytokine"
"996","IL10","IL10RA",120.5875,6,349.295964125561,5,"cytokine"
"686","CCL5","CCR4",2184.32291666667,2,19.1785714285714,7,"cytokine"
"1027","IL10","SIRPG",120.5875,6,340.66875,6,"cytokine"
"960","CXCL13","CXCR5",1872.32738095238,7,21.9385474860335,1,"cytokine"
"623","CCL5","CCR1",2804.65445026178,4,14.5677083333333,2,"cytokine"
"1142","IL16","CCR5",201.220430107527,3,202.815476190476,7,"cytokine"
"552","CCL4","CCR5",1396.84816753927,4,29.1368715083799,1,"cytokine"
"949","CXCL13","CXCR3",167.72905027933,1,242.109947643979,4,"cytokine"
"870","CCL5","SDC4",2587.40860215054,3,15.6290322580645,3,"cytokine"
"659","CCL5","CCR4",5132.66666666667,7,7.87096774193548,3,"cytokine"
"1112","IL16","CCR5",309.875,7,130.318385650224,5,"cytokine"
"882","CCL5","SDC4",1845.75139664804,1,21.8035714285714,7,"cytokine"
"405","CCL3","CCR5",450.21875,6,89.2146596858639,4,"cytokine"
"307","CCL3","CCR1",259.937172774869,4,154.0375,6,"cytokine"
"943","CXCL13","CXCR3",280.041666666667,2,142.015625,2,"cytokine"
"860","CCL5","SDC4",2804.65445026178,4,14.1076233183857,5,"cytokine"
"1133","IL16","CCR5",238.193717277487,4,165.952380952381,8,"cytokine"
"285","CCL3","CCR1",563.077380952381,7,69.9528795811518,4,"cytokine"
"1135","IL16","CCR5",238.193717277487,4,164.8125,6,"cytokine"
"1120","IL16","CCR5",297.63125,6,130.318385650224,5,"cytokine"
"863","CCL5","SDC4",2804.65445026178,4,13.6197916666667,2,"cytokine"
"861","CCL5","SDC4",2804.65445026178,4,13.5392670157068,4,"cytokine"
"398","CCL3","CCR5",563.077380952381,7,67.3387096774194,3,"cytokine"
"675","CCL5","CCR4",2804.65445026178,4,13.4843049327354,5,"cytokine"
"568","CCL4","CCR5",1297.66145833333,2,29.1368715083799,1,"cytokine"
"631","CCL5","CCR1",2587.40860215054,3,14.5677083333333,2,"cytokine"
"409","CCL3","CCR5",226.668161434978,5,165.952380952381,8,"cytokine"
"322","CCL3","CCR1",147.65625,2,253.64880952381,7,"cytokine"
"1028","IL10","SIRPG",120.5875,6,310.565022421525,5,"cytokine"
"411","CCL3","CCR5",226.668161434978,5,164.8125,6,"cytokine"
"999","IL10","IL10RA",120.5875,6,307.963541666667,2,"cytokine"
"1101","IL16","CCR5",222.220238095238,8,165.952380952381,8,"cytokine"
"1128","IL16","CCR5",282.973094170404,5,130.318385650224,5,"cytokine"
"494","CCL4","CCR1",1550.86559139785,3,23.7311827956989,3,"cytokine"
"1103","IL16","CCR5",222.220238095238,8,164.8125,6,"cytokine"
"944","CXCL13","CXCR3",280.041666666667,2,130.768156424581,1,"cytokine"
"868","CCL5","SDC4",2587.40860215054,3,14.1076233183857,5,"cytokine"
"955","CXCL13","CXCR5",4331.07142857143,8,8.41935483870968,3,"cytokine"
"425","CCL3","CCR5",219.02688172043,3,165.952380952381,8,"cytokine"
"690","CCL5","CCR4",2184.32291666667,2,16.5586592178771,1,"cytokine"
"427","CCL3","CCR5",219.02688172043,3,164.8125,6,"cytokine"
"888","CCL5","SDC4",1845.75139664804,1,19.5418994413408,1,"cytokine"
"692","CCL5","CCR4",1845.75139664804,1,19.1785714285714,7,"cytokine"
"993","IL10","IL10RA",120.5875,6,292.761904761905,8,"cytokine"
"871","CCL5","SDC4",2587.40860215054,3,13.6197916666667,2,"cytokine"
"869","CCL5","SDC4",2587.40860215054,3,13.5392670157068,4,"cytokine"
"299","CCL3","CCR1",226.668161434978,5,154.0375,6,"cytokine"
"681","CCL5","CCR4",2587.40860215054,3,13.4843049327354,5,"cytokine"
"652","CCL5","CCR4",3134.80952380952,8,11.0994764397906,4,"cytokine"
"1150","IL16","CCR5",171.125,2,202.815476190476,7,"cytokine"
"455","CCL4","CCR1",2378.52380952381,8,14.5677083333333,2,"cytokine"
"392","CCL3","CCR5",1185.625,8,29.1368715083799,1,"cytokine"
"1000","IL10","IL10RA",120.5875,6,285.432960893855,1,"cytokine"
"878","CCL5","SDC4",2184.32291666667,2,15.6290322580645,3,"cytokine"
"420","CCL3","CCR5",259.937172774869,4,130.318385650224,5,"cytokine"
"315","CCL3","CCR1",219.02688172043,3,154.0375,6,"cytokine"
"616","CCL5","CCR1",4005.80269058296,5,8.41620111731844,1,"cytokine"
"1141","IL16","CCR5",201.220430107527,3,165.952380952381,8,"cytokine"
"471","CCL4","CCR1",2280.31875,6,14.5677083333333,2,"cytokine"
"1143","IL16","CCR5",201.220430107527,3,164.8125,6,"cytokine"
"486","CCL4","CCR1",1396.84816753927,4,23.7311827956989,3,"cytokine"
"950","CXCL13","CXCR3",167.72905027933,1,192.424731182796,3,"cytokine"
"337","CCL3","CCR4",1185.625,8,27.1845238095238,8,"cytokine"
"608","CCL5","CCR1",3804.4125,6,8.41620111731844,1,"cytokine"
"639","CCL5","CCR1",2184.32291666667,2,14.5677083333333,2,"cytokine"
"964","CXCL13","CXCR5",1447.1,6,21.9385474860335,1,"cytokine"
"576","CCL4","CCR5",1083.89664804469,1,29.1368715083799,1,"cytokine"
"671","CCL5","CCR4",4005.80269058296,5,7.87096774193548,3,"cytokine"
"293","CCL3","CCR1",450.21875,6,69.9528795811518,4,"cytokine"
"676","CCL5","CCR4",2804.65445026178,4,11.0994764397906,4,"cytokine"
"1136","IL16","CCR5",238.193717277487,4,130.318385650224,5,"cytokine"
"997","IL10","IL10RA",120.5875,6,256.502617801047,4,"cytokine"
"876","CCL5","SDC4",2184.32291666667,2,14.1076233183857,5,"cytokine"
"502","CCL4","CCR1",1297.66145833333,2,23.7311827956989,3,"cytokine"
"696","CCL5","CCR4",1845.75139664804,1,16.5586592178771,1,"cytokine"
"406","CCL3","CCR5",450.21875,6,67.3387096774194,3,"cytokine"
"434","CCL3","CCR5",147.65625,2,202.815476190476,7,"cytokine"
"665","CCL5","CCR4",3804.4125,6,7.87096774193548,3,"cytokine"
"954","CXCL13","CXCR5",4331.07142857143,8,6.87434554973822,4,"cytokine"
"879","CCL5","SDC4",2184.32291666667,2,13.6197916666667,2,"cytokine"
"877","CCL5","SDC4",2184.32291666667,2,13.5392670157068,4,"cytokine"
"412","CCL3","CCR5",226.668161434978,5,130.318385650224,5,"cytokine"
"463","CCL4","CCR1",2021.89285714286,7,14.5677083333333,2,"cytokine"
"687","CCL5","CCR4",2184.32291666667,2,13.4843049327354,5,"cytokine"
"544","CCL4","CCR5",1004.43946188341,5,29.1368715083799,1,"cytokine"
"1104","IL16","CCR5",222.220238095238,8,130.318385650224,5,"cytokine"
"886","CCL5","SDC4",1845.75139664804,1,15.6290322580645,3,"cytokine"
"998","IL10","IL10RA",120.5875,6,238.876344086022,3,"cytokine"
"682","CCL5","CCR4",2587.40860215054,3,11.0994764397906,4,"cytokine"
"399","CCL3","CCR5",563.077380952381,7,50.84375,2,"cytokine"
"428","CCL3","CCR5",219.02688172043,3,130.318385650224,5,"cytokine"
"305","CCL3","CCR1",259.937172774869,4,109.607142857143,8,"cytokine"
"1149","IL16","CCR5",171.125,2,165.952380952381,8,"cytokine"
"1151","IL16","CCR5",171.125,2,164.8125,6,"cytokine"
"278","CCL3","CCR1",1185.625,8,23.7311827956989,3,"cytokine"
"1113","IL16","CCR5",309.875,7,89.2146596858639,4,"cytokine"
"647","CCL5","CCR1",1845.75139664804,1,14.5677083333333,2,"cytokine"
"1121","IL16","CCR5",297.63125,6,89.2146596858639,4,"cytokine"
"592","CCL5","CCR1",3134.80952380952,8,8.41620111731844,1,"cytokine"
"1144","IL16","CCR5",201.220430107527,3,130.318385650224,5,"cytokine"
"884","CCL5","SDC4",1845.75139664804,1,14.1076233183857,5,"cytokine"
"510","CCL4","CCR1",1083.89664804469,1,23.7311827956989,3,"cytokine"
"1129","IL16","CCR5",282.973094170404,5,89.2146596858639,4,"cytokine"
"887","CCL5","SDC4",1845.75139664804,1,13.6197916666667,2,"cytokine"
"885","CCL5","SDC4",1845.75139664804,1,13.5392670157068,4,"cytokine"
"693","CCL5","CCR4",1845.75139664804,1,13.4843049327354,5,"cytokine"
"297","CCL3","CCR1",226.668161434978,5,109.607142857143,8,"cytokine"
"577","CCL4","CCR8",2378.52380952381,8,10.3821989528796,4,"cytokine"
"653","CCL5","CCR4",3134.80952380952,8,7.87096774193548,3,"cytokine"
"433","CCL3","CCR5",147.65625,2,165.952380952381,8,"cytokine"
"308","CCL3","CCR1",259.937172774869,4,93.8744394618834,5,"cytokine"
"435","CCL3","CCR5",147.65625,2,164.8125,6,"cytokine"
"688","CCL5","CCR4",2184.32291666667,2,11.0994764397906,4,"cytokine"
"313","CCL3","CCR1",219.02688172043,3,109.607142857143,8,"cytokine"
"957","CXCL13","CXCR5",1872.32738095238,7,12.7982062780269,5,"cytokine"
"478","CCL4","CCR1",1004.43946188341,5,23.7311827956989,3,"cytokine"
"951","CXCL13","CXCR3",167.72905027933,1,142.015625,2,"cytokine"
"579","CCL4","CCR8",2280.31875,6,10.3821989528796,4,"cytokine"
"624","CCL5","CCR1",2804.65445026178,4,8.41620111731844,1,"cytokine"
"421","CCL3","CCR5",259.937172774869,4,89.2146596858639,4,"cytokine"
"1180","IL16","KCNA3",309.875,7,74.6843575418994,1,"cytokine"
"407","CCL3","CCR5",450.21875,6,50.84375,2,"cytokine"
"323","CCL3","CCR1",147.65625,2,154.0375,6,"cytokine"
"338","CCL3","CCR4",1185.625,8,19.1785714285714,7,"cytokine"
"495","CCL4","CCR1",1550.86559139785,3,14.5677083333333,2,"cytokine"
"1029","IL10","SIRPG",120.5875,6,186.649214659686,4,"cytokine"
"1152","IL16","CCR5",171.125,2,130.318385650224,5,"cytokine"
"1188","IL16","KCNA3",297.63125,6,74.6843575418994,1,"cytokine"
"677","CCL5","CCR4",2804.65445026178,4,7.87096774193548,3,"cytokine"
"952","CXCL13","CXCR3",167.72905027933,1,130.768156424581,1,"cytokine"
"632","CCL5","CCR1",2587.40860215054,3,8.41620111731844,1,"cytokine"
"1030","IL10","SIRPG",120.5875,6,177.381720430108,3,"cytokine"
"300","CCL3","CCR1",226.668161434978,5,93.8744394618834,5,"cytokine"
"1137","IL16","CCR5",238.193717277487,4,89.2146596858639,4,"cytokine"
"1196","IL16","KCNA3",282.973094170404,5,74.6843575418994,1,"cytokine"
"578","CCL4","CCR8",2021.89285714286,7,10.3821989528796,4,"cytokine"
"1114","IL16","CCR5",309.875,7,67.3387096774194,3,"cytokine"
"316","CCL3","CCR1",219.02688172043,3,93.8744394618834,5,"cytokine"
"1010","IL10","IL10RB",120.5875,6,170.017857142857,7,"cytokine"
"694","CCL5","CCR4",1845.75139664804,1,11.0994764397906,4,"cytokine"
"683","CCL5","CCR4",2587.40860215054,3,7.87096774193548,3,"cytokine"
"487","CCL4","CCR1",1396.84816753927,4,14.5677083333333,2,"cytokine"
"413","CCL3","CCR5",226.668161434978,5,89.2146596858639,4,"cytokine"
"968","CXCL13","CXCR5",916.959641255605,5,21.9385474860335,1,"cytokine"
"1122","IL16","CCR5",297.63125,6,67.3387096774194,3,"cytokine"
"456","CCL4","CCR1",2378.52380952381,8,8.41620111731844,1,"cytokine"
"1011","IL10","IL10RB",120.5875,6,164.6625,6,"cytokine"
"1105","IL16","CCR5",222.220238095238,8,89.2146596858639,4,"cytokine"
"1176","IL16","KCNA3",309.875,7,63.9058295964126,5,"cytokine"
"330","CCL3","CCR1",77.8631284916201,1,253.64880952381,7,"cytokine"
"1158","IL16","CCR5",97.3491620111732,1,202.815476190476,7,"cytokine"
"342","CCL3","CCR4",1185.625,8,16.5586592178771,1,"cytokine"
"1009","IL10","IL10RB",120.5875,6,162.238095238095,8,"cytokine"
"429","CCL3","CCR5",219.02688172043,3,89.2146596858639,4,"cytokine"
"436","CCL3","CCR5",147.65625,2,130.318385650224,5,"cytokine"
"472","CCL4","CCR1",2280.31875,6,8.41620111731844,1,"cytokine"
"1130","IL16","CCR5",282.973094170404,5,67.3387096774194,3,"cytokine"
"1184","IL16","KCNA3",297.63125,6,63.9058295964126,5,"cytokine"
"503","CCL4","CCR1",1297.66145833333,2,14.5677083333333,2,"cytokine"
"1178","IL16","KCNA3",309.875,7,60.2096774193548,3,"cytokine"
"961","CXCL13","CXCR5",1447.1,6,12.7982062780269,5,"cytokine"
"640","CCL5","CCR1",2184.32291666667,2,8.41620111731844,1,"cytokine"
"309","CCL3","CCR1",259.937172774869,4,69.9528795811518,4,"cytokine"
"1192","IL16","KCNA3",282.973094170404,5,63.9058295964126,5,"cytokine"
"1145","IL16","CCR5",201.220430107527,3,89.2146596858639,4,"cytokine"
"1186","IL16","KCNA3",297.63125,6,60.2096774193548,3,"cytokine"
"1204","IL16","KCNA3",238.193717277487,4,74.6843575418994,1,"cytokine"
"422","CCL3","CCR5",259.937172774869,4,67.3387096774194,3,"cytokine"
"279","CCL3","CCR1",1185.625,8,14.5677083333333,2,"cytokine"
"689","CCL5","CCR4",2184.32291666667,2,7.87096774193548,3,"cytokine"
"1194","IL16","KCNA3",282.973094170404,5,60.2096774193548,3,"cytokine"
"82","CCL3L1","CCR1",67.1607142857143,8,253.64880952381,7,"cytokine"
"464","CCL4","CCR1",2021.89285714286,7,8.41620111731844,1,"cytokine"
"1337","IL2","IL2RG",8.47533632286996,5,1971.85119047619,7,"cytokine"
"1172","IL16","KCNA3",222.220238095238,8,74.6843575418994,1,"cytokine"
"400","CCL3","CCR5",563.077380952381,7,29.1368715083799,1,"cytokine"
"321","CCL3","CCR1",147.65625,2,109.607142857143,8,"cytokine"
"1174","IL16","KCNA3",309.875,7,52.1428571428571,7,"cytokine"
"1157","IL16","CCR5",97.3491620111732,1,165.952380952381,8,"cytokine"
"90","CCL3L1","CCR1",63.6607142857143,7,253.64880952381,7,"cytokine"
"218","CCL3L3","CCR5",79.4345238095238,7,202.815476190476,7,"cytokine"
"582","CCL4","CCR8",1550.86559139785,3,10.3821989528796,4,"cytokine"
"1159","IL16","CCR5",97.3491620111732,1,164.8125,6,"cytokine"
"1138","IL16","CCR5",238.193717277487,4,67.3387096774194,3,"cytokine"
"339","CCL3","CCR4",1185.625,8,13.4843049327354,5,"cytokine"
"301","CCL3","CCR1",226.668161434978,5,69.9528795811518,4,"cytokine"
"442","CCL3","CCR5",77.8631284916201,1,202.815476190476,7,"cytokine"
"511","CCL4","CCR1",1083.89664804469,1,14.5677083333333,2,"cytokine"
"959","CXCL13","CXCR5",1872.32738095238,7,8.41935483870968,3,"cytokine"
"1115","IL16","CCR5",309.875,7,50.84375,2,"cytokine"
"1338","IL2","IL2RG",8.47533632286996,5,1843.375,6,"cytokine"
"648","CCL5","CCR1",1845.75139664804,1,8.41620111731844,1,"cytokine"
"1182","IL16","KCNA3",297.63125,6,52.1428571428571,7,"cytokine"
"317","CCL3","CCR1",219.02688172043,3,69.9528795811518,4,"cytokine"
"343","CCL3","CCR4",563.077380952381,7,27.1845238095238,8,"cytokine"
"1153","IL16","CCR5",171.125,2,89.2146596858639,4,"cytokine"
"414","CCL3","CCR5",226.668161434978,5,67.3387096774194,3,"cytokine"
"1200","IL16","KCNA3",238.193717277487,4,63.9058295964126,5,"cytokine"
"210","CCL3L3","CCR5",74.7261904761905,8,202.815476190476,7,"cytokine"
"1123","IL16","CCR5",297.63125,6,50.84375,2,"cytokine"
"1212","IL16","KCNA3",201.220430107527,3,74.6843575418994,1,"cytokine"
"1179","IL16","KCNA3",309.875,7,48.3489583333333,2,"cytokine"
"1106","IL16","CCR5",222.220238095238,8,67.3387096774194,3,"cytokine"
"1031","IL10","SIRPG",120.5875,6,122.552083333333,2,"cytokine"
"1190","IL16","KCNA3",282.973094170404,5,52.1428571428571,7,"cytokine"
"430","CCL3","CCR5",219.02688172043,3,67.3387096774194,3,"cytokine"
"1012","IL10","IL10RB",120.5875,6,121.349775784753,5,"cytokine"
"479","CCL4","CCR1",1004.43946188341,5,14.5677083333333,2,"cytokine"
"695","CCL5","CCR4",1845.75139664804,1,7.87096774193548,3,"cytokine"
"581","CCL4","CCR8",1396.84816753927,4,10.3821989528796,4,"cytokine"
"1187","IL16","KCNA3",297.63125,6,48.3489583333333,2,"cytokine"
"1131","IL16","CCR5",282.973094170404,5,50.84375,2,"cytokine"
"1202","IL16","KCNA3",238.193717277487,4,60.2096774193548,3,"cytokine"
"1177","IL16","KCNA3",309.875,7,46.1989528795811,4,"cytokine"
"1168","IL16","KCNA3",222.220238095238,8,63.9058295964126,5,"cytokine"
"1013","IL10","IL10RB",120.5875,6,116.979057591623,4,"cytokine"
"1336","IL2","IL2RG",8.47533632286996,5,1663.55357142857,8,"cytokine"
"1086","IL15","IL2RG",7.07329842931937,4,1971.85119047619,7,"cytokine"
"324","CCL3","CCR1",147.65625,2,93.8744394618834,5,"cytokine"
"1185","IL16","KCNA3",297.63125,6,46.1989528795811,4,"cytokine"
"1315","IL2","CD53",8.47533632286996,5,1616.42857142857,7,"cytokine"
"1195","IL16","KCNA3",282.973094170404,5,48.3489583333333,2,"cytokine"
"146","CCL3L1","CCR5",67.1607142857143,8,202.815476190476,7,"cytokine"
"1146","IL16","CCR5",201.220430107527,3,67.3387096774194,3,"cytokine"
"583","CCL4","CCR8",1297.66145833333,2,10.3821989528796,4,"cytokine"
"1170","IL16","KCNA3",222.220238095238,8,60.2096774193548,3,"cytokine"
"286","CCL3","CCR1",563.077380952381,7,23.7311827956989,3,"cytokine"
"423","CCL3","CCR5",259.937172774869,4,50.84375,2,"cytokine"
"217","CCL3L3","CCR5",79.4345238095238,7,165.952380952381,8,"cytokine"
"437","CCL3","CCR5",147.65625,2,89.2146596858639,4,"cytokine"
"340","CCL3","CCR4",1185.625,8,11.0994764397906,4,"cytokine"
"1339","IL2","IL2RG",8.47533632286996,5,1547.78475336323,5,"cytokine"
"408","CCL3","CCR5",450.21875,6,29.1368715083799,1,"cytokine"
"219","CCL3L3","CCR5",79.4345238095238,7,164.8125,6,"cytokine"
"1193","IL16","KCNA3",282.973094170404,5,46.1989528795811,4,"cytokine"
"496","CCL4","CCR1",1550.86559139785,3,8.41620111731844,1,"cytokine"
"1087","IL15","IL2RG",7.07329842931937,4,1843.375,6,"cytokine"
"441","CCL3","CCR5",77.8631284916201,1,165.952380952381,8,"cytokine"
"154","CCL3L1","CCR5",63.6607142857143,7,202.815476190476,7,"cytokine"
"958","CXCL13","CXCR5",1872.32738095238,7,6.87434554973822,4,"cytokine"
"1208","IL16","KCNA3",201.220430107527,3,63.9058295964126,5,"cytokine"
"443","CCL3","CCR5",77.8631284916201,1,164.8125,6,"cytokine"
"1014","IL10","IL10RB",120.5875,6,106.290322580645,3,"cytokine"
"1220","IL16","KCNA3",171.125,2,74.6843575418994,1,"cytokine"
"1160","IL16","CCR5",97.3491620111732,1,130.318385650224,5,"cytokine"
"1198","IL16","KCNA3",238.193717277487,4,52.1428571428571,7,"cytokine"
"209","CCL3L3","CCR5",74.7261904761905,8,165.952380952381,8,"cytokine"
"211","CCL3L3","CCR5",74.7261904761905,8,164.8125,6,"cytokine"
"349","CCL3","CCR4",450.21875,6,27.1845238095238,8,"cytokine"
"963","CXCL13","CXCR5",1447.1,6,8.41935483870968,3,"cytokine"
"1210","IL16","KCNA3",201.220430107527,3,60.2096774193548,3,"cytokine"
"1139","IL16","CCR5",238.193717277487,4,50.84375,2,"cytokine"
"331","CCL3","CCR1",77.8631284916201,1,154.0375,6,"cytokine"
"1085","IL15","IL2RG",7.07329842931937,4,1663.55357142857,8,"cytokine"
"488","CCL4","CCR1",1396.84816753927,4,8.41620111731844,1,"cytokine"
"965","CXCL13","CXCR5",916.959641255605,5,12.7982062780269,5,"cytokine"
"1166","IL16","KCNA3",222.220238095238,8,52.1428571428571,7,"cytokine"
"226","CCL3L3","CCR5",56.90625,6,202.815476190476,7,"cytokine"
"415","CCL3","CCR5",226.668161434978,5,50.84375,2,"cytokine"
"1154","IL16","CCR5",171.125,2,67.3387096774194,3,"cytokine"
"1203","IL16","KCNA3",238.193717277487,4,48.3489583333333,2,"cytokine"
"98","CCL3L1","CCR1",44.98125,6,253.64880952381,7,"cytokine"
"1015","IL10","IL10RB",120.5875,6,94.5677083333333,2,"cytokine"
"114","CCL3L1","CCR1",44.6073298429319,4,253.64880952381,7,"cytokine"
"1107","IL16","CCR5",222.220238095238,8,50.84375,2,"cytokine"
"584","CCL4","CCR8",1083.89664804469,1,10.3821989528796,4,"cytokine"
"1032","IL10","SIRPG",120.5875,6,93.1536312849162,1,"cytokine"
"145","CCL3L1","CCR5",67.1607142857143,8,165.952380952381,8,"cytokine"
"431","CCL3","CCR5",219.02688172043,3,50.84375,2,"cytokine"
"147","CCL3L1","CCR5",67.1607142857143,8,164.8125,6,"cytokine"
"1201","IL16","KCNA3",238.193717277487,4,46.1989528795811,4,"cytokine"
"1088","IL15","IL2RG",7.07329842931937,4,1547.78475336323,5,"cytokine"
"1216","IL16","KCNA3",171.125,2,63.9058295964126,5,"cytokine"
"504","CCL4","CCR1",1297.66145833333,2,8.41620111731844,1,"cytokine"
"1094","IL15","IL2RG",5.53351955307263,1,1971.85119047619,7,"cytokine"
"344","CCL3","CCR4",563.077380952381,7,19.1785714285714,7,"cytokine"
"1171","IL16","KCNA3",222.220238095238,8,48.3489583333333,2,"cytokine"
"294","CCL3","CCR1",450.21875,6,23.7311827956989,3,"cytokine"
"1340","IL2","IL2RG",8.47533632286996,5,1253.96335078534,4,"cytokine"
"153","CCL3L1","CCR5",63.6607142857143,7,165.952380952381,8,"cytokine"
"986","CXCL16","CXCR6",5.0625,2,2076.08928571429,7,"cytokine"
"1206","IL16","KCNA3",201.220430107527,3,52.1428571428571,7,"cytokine"
"155","CCL3L1","CCR5",63.6607142857143,7,164.8125,6,"cytokine"
"1316","IL2","CD53",8.47533632286996,5,1236.60625,6,"cytokine"
"580","CCL4","CCR8",1004.43946188341,5,10.3821989528796,4,"cytokine"
"1175","IL16","KCNA3",309.875,7,33.43125,6,"cytokine"
"220","CCL3L3","CCR5",79.4345238095238,7,130.318385650224,5,"cytokine"
"83","CCL3L1","CCR1",67.1607142857143,8,154.0375,6,"cytokine"
"325","CCL3","CCR1",147.65625,2,69.9528795811518,4,"cytokine"
"1218","IL16","KCNA3",171.125,2,60.2096774193548,3,"cytokine"
"1169","IL16","KCNA3",222.220238095238,8,46.1989528795811,4,"cytokine"
"1147","IL16","CCR5",201.220430107527,3,50.84375,2,"cytokine"
"1095","IL15","IL2RG",5.53351955307263,1,1843.375,6,"cytokine"
"444","CCL3","CCR5",77.8631284916201,1,130.318385650224,5,"cytokine"
"1317","IL2","CD53",8.47533632286996,5,1196.97757847534,5,"cytokine"
"280","CCL3","CCR1",1185.625,8,8.41620111731844,1,"cytokine"
"1183","IL16","KCNA3",297.63125,6,33.43125,6,"cytokine"
"962","CXCL13","CXCR5",1447.1,6,6.87434554973822,4,"cytokine"
"438","CCL3","CCR5",147.65625,2,67.3387096774194,3,"cytokine"
"976","CXCL13","CXCR5",450.532258064516,3,21.9385474860335,1,"cytokine"
"242","CCL3L3","CCR5",48.6649214659686,4,202.815476190476,7,"cytokine"
"91","CCL3L1","CCR1",63.6607142857143,7,154.0375,6,"cytokine"
"212","CCL3L3","CCR5",74.7261904761905,8,130.318385650224,5,"cytokine"
"1211","IL16","KCNA3",201.220430107527,3,48.3489583333333,2,"cytokine"
"1191","IL16","KCNA3",282.973094170404,5,33.43125,6,"cytokine"
"225","CCL3L3","CCR5",56.90625,6,165.952380952381,8,"cytokine"
"227","CCL3L3","CCR5",56.90625,6,164.8125,6,"cytokine"
"341","CCL3","CCR4",1185.625,8,7.87096774193548,3,"cytokine"
"348","CCL3","CCR4",563.077380952381,7,16.5586592178771,1,"cytokine"
"1209","IL16","KCNA3",201.220430107527,3,46.1989528795811,4,"cytokine"
"106","CCL3L1","CCR1",36.4708520179372,5,253.64880952381,7,"cytokine"
"1093","IL15","IL2RG",5.53351955307263,1,1663.55357142857,8,"cytokine"
"234","CCL3L3","CCR5",45.2780269058296,5,202.815476190476,7,"cytokine"
"122","CCL3L1","CCR1",36.1774193548387,3,253.64880952381,7,"cytokine"
"972","CXCL13","CXCR5",416.947643979058,4,21.9385474860335,1,"cytokine"
"1314","IL2","CD53",8.47533632286996,5,1078.77976190476,8,"cytokine"
"162","CCL3L1","CCR5",44.98125,6,202.815476190476,7,"cytokine"
"512","CCL4","CCR1",1083.89664804469,1,8.41620111731844,1,"cytokine"
"178","CCL3L1","CCR5",44.6073298429319,4,202.815476190476,7,"cytokine"
"1116","IL16","CCR5",309.875,7,29.1368715083799,1,"cytokine"
"1214","IL16","KCNA3",171.125,2,52.1428571428571,7,"cytokine"
"1089","IL15","IL2RG",7.07329842931937,4,1253.96335078534,4,"cytokine"
"1341","IL2","IL2RG",8.47533632286996,5,1043.24731182796,3,"cytokine"
"148","CCL3L1","CCR5",67.1607142857143,8,130.318385650224,5,"cytokine"
"1155","IL16","CCR5",171.125,2,50.84375,2,"cytokine"
"1318","IL2","CD53",8.47533632286996,5,1025.0942408377,4,"cytokine"
"1161","IL16","CCR5",97.3491620111732,1,89.2146596858639,4,"cytokine"
"1124","IL16","CCR5",297.63125,6,29.1368715083799,1,"cytokine"
"350","CCL3","CCR4",450.21875,6,19.1785714285714,7,"cytokine"
"1096","IL15","IL2RG",5.53351955307263,1,1547.78475336323,5,"cytokine"
"329","CCL3","CCR1",77.8631284916201,1,109.607142857143,8,"cytokine"
"480","CCL4","CCR1",1004.43946188341,5,8.41620111731844,1,"cytokine"
"250","CCL3L3","CCR5",41.3924731182796,3,202.815476190476,7,"cytokine"
"156","CCL3L1","CCR5",63.6607142857143,7,130.318385650224,5,"cytokine"
"1219","IL16","KCNA3",171.125,2,48.3489583333333,2,"cytokine"
"1132","IL16","CCR5",282.973094170404,5,29.1368715083799,1,"cytokine"
"287","CCL3","CCR1",563.077380952381,7,14.5677083333333,2,"cytokine"
"241","CCL3L3","CCR5",48.6649214659686,4,165.952380952381,8,"cytokine"
"1016","IL10","IL10RB",120.5875,6,66.9525139664805,1,"cytokine"
"243","CCL3L3","CCR5",48.6649214659686,4,164.8125,6,"cytokine"
"1199","IL16","KCNA3",238.193717277487,4,33.43125,6,"cytokine"
"1342","IL2","IL2RG",8.47533632286996,5,938.567708333333,2,"cytokine"
"1217","IL16","KCNA3",171.125,2,46.1989528795811,4,"cytokine"
"1321","IL2","CD53",8.47533632286996,5,924.522346368715,1,"cytokine"
"967","CXCL13","CXCR5",916.959641255605,5,8.41935483870968,3,"cytokine"
"345","CCL3","CCR4",563.077380952381,7,13.4843049327354,5,"cytokine"
"424","CCL3","CCR5",259.937172774869,4,29.1368715083799,1,"cytokine"
"138","CCL3L1","CCR1",29.8463687150838,1,253.64880952381,7,"cytokine"
"233","CCL3L3","CCR5",45.2780269058296,5,165.952380952381,8,"cytokine"
"439","CCL3","CCR5",147.65625,2,50.84375,2,"cytokine"
"161","CCL3L1","CCR5",44.98125,6,165.952380952381,8,"cytokine"
"235","CCL3L3","CCR5",45.2780269058296,5,164.8125,6,"cytokine"
"354","CCL3","CCR4",450.21875,6,16.5586592178771,1,"cytokine"
"1167","IL16","KCNA3",222.220238095238,8,33.43125,6,"cytokine"
"228","CCL3L3","CCR5",56.90625,6,130.318385650224,5,"cytokine"
"163","CCL3L1","CCR5",44.98125,6,164.8125,6,"cytokine"
"177","CCL3L1","CCR5",44.6073298429319,4,165.952380952381,8,"cytokine"
"1033","IL10","SIRPG",16.7258064516129,3,442.369047619048,8,"cytokine"
"170","CCL3L1","CCR5",36.4708520179372,5,202.815476190476,7,"cytokine"
"1090","IL15","IL2RG",7.07329842931937,4,1043.24731182796,3,"cytokine"
"81","CCL3L1","CCR1",67.1607142857143,8,109.607142857143,8,"cytokine"
"179","CCL3L1","CCR5",44.6073298429319,4,164.8125,6,"cytokine"
"186","CCL3L1","CCR5",36.1774193548387,3,202.815476190476,7,"cytokine"
"332","CCL3","CCR1",77.8631284916201,1,93.8744394618834,5,"cytokine"
"1228","IL16","KCNA3",97.3491620111732,1,74.6843575418994,1,"cytokine"
"1034","IL10","SIRPG",16.7258064516129,3,427.654761904762,7,"cytokine"
"221","CCL3L3","CCR5",79.4345238095238,7,89.2146596858639,4,"cytokine"
"1320","IL2","CD53",8.47533632286996,5,835.817708333333,2,"cytokine"
"361","CCL3","CCR4",259.937172774869,4,27.1845238095238,8,"cytokine"
"1319","IL2","CD53",8.47533632286996,5,830.97311827957,3,"cytokine"
"89","CCL3L1","CCR1",63.6607142857143,7,109.607142857143,8,"cytokine"
"1002","IL10","IL10RA",16.7258064516129,3,415.452380952381,7,"cytokine"
"445","CCL3","CCR5",77.8631284916201,1,89.2146596858639,4,"cytokine"
"1140","IL16","CCR5",238.193717277487,4,29.1368715083799,1,"cytokine"
"1097","IL15","IL2RG",5.53351955307263,1,1253.96335078534,4,"cytokine"
"99","CCL3L1","CCR1",44.98125,6,154.0375,6,"cytokine"
"73","CCL20","CXCR3",18.3072625698324,1,377.928571428571,8,"cytokine"
"115","CCL3L1","CCR1",44.6073298429319,4,154.0375,6,"cytokine"
"249","CCL3L3","CCR5",41.3924731182796,3,165.952380952381,8,"cytokine"
"1173","IL16","KCNA3",309.875,7,22.1190476190476,8,"cytokine"
"251","CCL3L3","CCR5",41.3924731182796,3,164.8125,6,"cytokine"
"1207","IL16","KCNA3",201.220430107527,3,33.43125,6,"cytokine"
"213","CCL3L3","CCR5",74.7261904761905,8,89.2146596858639,4,"cytokine"
"1091","IL15","IL2RG",7.07329842931937,4,938.567708333333,2,"cytokine"
"416","CCL3","CCR5",226.668161434978,5,29.1368715083799,1,"cytokine"
"1181","IL16","KCNA3",297.63125,6,22.1190476190476,8,"cytokine"
"295","CCL3","CCR1",450.21875,6,14.5677083333333,2,"cytokine"
"1162","IL16","CCR5",97.3491620111732,1,67.3387096774194,3,"cytokine"
"1108","IL16","CCR5",222.220238095238,8,29.1368715083799,1,"cytokine"
"266","CCL3L3","CCR5",31.8938547486034,1,202.815476190476,7,"cytokine"
"1003","IL10","IL10RA",16.7258064516129,3,384.24375,6,"cytokine"
"432","CCL3","CCR5",219.02688172043,3,29.1368715083799,1,"cytokine"
"75","CCL20","CXCR3",18.3072625698324,1,346.55,6,"cytokine"
"244","CCL3L3","CCR5",48.6649214659686,4,130.318385650224,5,"cytokine"
"987","CXCL16","CXCR6",5.0625,2,1249.74375,6,"cytokine"
"84","CCL3L1","CCR1",67.1607142857143,8,93.8744394618834,5,"cytokine"
"966","CXCL13","CXCR5",916.959641255605,5,6.87434554973822,4,"cytokine"
"1189","IL16","KCNA3",282.973094170404,5,22.1190476190476,8,"cytokine"
"346","CCL3","CCR4",563.077380952381,7,11.0994764397906,4,"cytokine"
"74","CCL20","CXCR3",18.3072625698324,1,340.690476190476,7,"cytokine"
"1224","IL16","KCNA3",97.3491620111732,1,63.9058295964126,5,"cytokine"
"310","CCL3","CCR1",259.937172774869,4,23.7311827956989,3,"cytokine"
"355","CCL3","CCR4",226.668161434978,5,27.1845238095238,8,"cytokine"
"980","CXCL13","CXCR5",280.041666666667,2,21.9385474860335,1,"cytokine"
"351","CCL3","CCR4",450.21875,6,13.4843049327354,5,"cytokine"
"202","CCL3L1","CCR5",29.8463687150838,1,202.815476190476,7,"cytokine"
"169","CCL3L1","CCR5",36.4708520179372,5,165.952380952381,8,"cytokine"
"171","CCL3L1","CCR5",36.4708520179372,5,164.8125,6,"cytokine"
"185","CCL3L1","CCR5",36.1774193548387,3,165.952380952381,8,"cytokine"
"988","CXCL16","CXCR6",5.0625,2,1184.36771300448,5,"cytokine"
"1343","IL2","IL2RG",8.47533632286996,5,707.304469273743,1,"cytokine"
"149","CCL3L1","CCR5",67.1607142857143,8,89.2146596858639,4,"cytokine"
"92","CCL3L1","CCR1",63.6607142857143,7,93.8744394618834,5,"cytokine"
"187","CCL3L1","CCR5",36.1774193548387,3,164.8125,6,"cytokine"
"367","CCL3","CCR4",219.02688172043,3,27.1845238095238,8,"cytokine"
"236","CCL3L3","CCR5",45.2780269058296,5,130.318385650224,5,"cytokine"
"1148","IL16","CCR5",201.220430107527,3,29.1368715083799,1,"cytokine"
"164","CCL3L1","CCR5",44.98125,6,130.318385650224,5,"cytokine"
"1226","IL16","KCNA3",97.3491620111732,1,60.2096774193548,3,"cytokine"
"1004","IL10","IL10RA",16.7258064516129,3,349.295964125561,5,"cytokine"
"180","CCL3L1","CCR5",44.6073298429319,4,130.318385650224,5,"cytokine"
"1098","IL15","IL2RG",5.53351955307263,1,1043.24731182796,3,"cytokine"
"973","CXCL13","CXCR5",450.532258064516,3,12.7982062780269,5,"cytokine"
"1215","IL16","KCNA3",171.125,2,33.43125,6,"cytokine"
"1035","IL10","SIRPG",16.7258064516129,3,340.66875,6,"cytokine"
"157","CCL3L1","CCR5",63.6607142857143,7,89.2146596858639,4,"cytokine"
"107","CCL3L1","CCR1",36.4708520179372,5,154.0375,6,"cytokine"
"123","CCL3L1","CCR1",36.1774193548387,3,154.0375,6,"cytokine"
"130","CCL3L1","CCR1",21.84375,2,253.64880952381,7,"cytokine"
"333","CCL3","CCR1",77.8631284916201,1,69.9528795811518,4,"cytokine"
"76","CCL20","CXCR3",18.3072625698324,1,296.14798206278,5,"cytokine"
"252","CCL3L3","CCR5",41.3924731182796,3,130.318385650224,5,"cytokine"
"302","CCL3","CCR1",226.668161434978,5,23.7311827956989,3,"cytokine"
"222","CCL3L3","CCR5",79.4345238095238,7,67.3387096774194,3,"cytokine"
"969","CXCL13","CXCR5",416.947643979058,4,12.7982062780269,5,"cytokine"
"265","CCL3L3","CCR5",31.8938547486034,1,165.952380952381,8,"cytokine"
"1197","IL16","KCNA3",238.193717277487,4,22.1190476190476,8,"cytokine"
"267","CCL3L3","CCR5",31.8938547486034,1,164.8125,6,"cytokine"
"446","CCL3","CCR5",77.8631284916201,1,67.3387096774194,3,"cytokine"
"258","CCL3L3","CCR5",25.6354166666667,2,202.815476190476,7,"cytokine"
"318","CCL3","CCR1",219.02688172043,3,23.7311827956989,3,"cytokine"
"1036","IL10","SIRPG",16.7258064516129,3,310.565022421525,5,"cytokine"
"1099","IL15","IL2RG",5.53351955307263,1,938.567708333333,2,"cytokine"
"1007","IL10","IL10RA",16.7258064516129,3,307.963541666667,2,"cytokine"
"229","CCL3L3","CCR5",56.90625,6,89.2146596858639,4,"cytokine"
"1222","IL16","KCNA3",97.3491620111732,1,52.1428571428571,7,"cytokine"
"214","CCL3L3","CCR5",74.7261904761905,8,67.3387096774194,3,"cytokine"
"1092","IL15","IL2RG",7.07329842931937,4,707.304469273743,1,"cytokine"
"352","CCL3","CCR4",450.21875,6,11.0994764397906,4,"cytokine"
"1156","IL16","CCR5",171.125,2,29.1368715083799,1,"cytokine"
"362","CCL3","CCR4",259.937172774869,4,19.1785714285714,7,"cytokine"
"201","CCL3L1","CCR5",29.8463687150838,1,165.952380952381,8,"cytokine"
"1163","IL16","CCR5",97.3491620111732,1,50.84375,2,"cytokine"
"97","CCL3L1","CCR1",44.98125,6,109.607142857143,8,"cytokine"
"203","CCL3L1","CCR5",29.8463687150838,1,164.8125,6,"cytokine"
"1165","IL16","KCNA3",222.220238095238,8,22.1190476190476,8,"cytokine"
"1001","IL10","IL10RA",16.7258064516129,3,292.761904761905,8,"cytokine"
"113","CCL3L1","CCR1",44.6073298429319,4,109.607142857143,8,"cytokine"
"1008","IL10","IL10RA",16.7258064516129,3,285.432960893855,1,"cytokine"
"172","CCL3L1","CCR5",36.4708520179372,5,130.318385650224,5,"cytokine"
"288","CCL3","CCR1",563.077380952381,7,8.41620111731844,1,"cytokine"
"188","CCL3L1","CCR5",36.1774193548387,3,130.318385650224,5,"cytokine"
"1227","IL16","KCNA3",97.3491620111732,1,48.3489583333333,2,"cytokine"
"1330","IL2","IL2RB",8.47533632286996,5,554.4,6,"cytokine"
"85","CCL3L1","CCR1",67.1607142857143,8,69.9528795811518,4,"cytokine"
"139","CCL3L1","CCR1",29.8463687150838,1,154.0375,6,"cytokine"
"985","CXCL16","CXCR6",5.0625,2,904.755952380952,8,"cytokine"
"150","CCL3L1","CCR5",67.1607142857143,8,67.3387096774194,3,"cytokine"
"1225","IL16","KCNA3",97.3491620111732,1,46.1989528795811,4,"cytokine"
"93","CCL3L1","CCR1",63.6607142857143,7,69.9528795811518,4,"cytokine"
"1205","IL16","KCNA3",201.220430107527,3,22.1190476190476,8,"cytokine"
"77","CCL20","CXCR3",18.3072625698324,1,242.109947643979,4,"cytokine"
"347","CCL3","CCR4",563.077380952381,7,7.87096774193548,3,"cytokine"
"194","CCL3L1","CCR5",21.84375,2,202.815476190476,7,"cytokine"
"356","CCL3","CCR4",226.668161434978,5,19.1785714285714,7,"cytokine"
"245","CCL3L3","CCR5",48.6649214659686,4,89.2146596858639,4,"cytokine"
"366","CCL3","CCR4",259.937172774869,4,16.5586592178771,1,"cytokine"
"440","CCL3","CCR5",147.65625,2,29.1368715083799,1,"cytokine"
"1005","IL10","IL10RA",16.7258064516129,3,256.502617801047,4,"cytokine"
"158","CCL3L1","CCR5",63.6607142857143,7,67.3387096774194,3,"cytokine"
"257","CCL3L3","CCR5",25.6354166666667,2,165.952380952381,8,"cytokine"
"259","CCL3L3","CCR5",25.6354166666667,2,164.8125,6,"cytokine"
"100","CCL3L1","CCR1",44.98125,6,93.8744394618834,5,"cytokine"
"368","CCL3","CCR4",219.02688172043,3,19.1785714285714,7,"cytokine"
"49","CCL20","CXCR3",11.1,6,377.928571428571,8,"cytokine"
"116","CCL3L1","CCR1",44.6073298429319,4,93.8744394618834,5,"cytokine"
"1331","IL2","IL2RB",8.47533632286996,5,490.538116591928,5,"cytokine"
"268","CCL3L3","CCR5",31.8938547486034,1,130.318385650224,5,"cytokine"
"1328","IL2","IL2RB",8.47533632286996,5,483.958333333333,8,"cytokine"
"237","CCL3L3","CCR5",45.2780269058296,5,89.2146596858639,4,"cytokine"
"223","CCL3L3","CCR5",79.4345238095238,7,50.84375,2,"cytokine"
"373","CCL3","CCR4",147.65625,2,27.1845238095238,8,"cytokine"
"165","CCL3L1","CCR5",44.98125,6,89.2146596858639,4,"cytokine"
"105","CCL3L1","CCR1",36.4708520179372,5,109.607142857143,8,"cytokine"
"1006","IL10","IL10RA",16.7258064516129,3,238.876344086022,3,"cytokine"
"181","CCL3L1","CCR5",44.6073298429319,4,89.2146596858639,4,"cytokine"
"57","CCL20","CXCR3",10.52466367713,5,377.928571428571,8,"cytokine"
"121","CCL3L1","CCR1",36.1774193548387,3,109.607142857143,8,"cytokine"
"447","CCL3","CCR5",77.8631284916201,1,50.84375,2,"cytokine"
"1329","IL2","IL2RB",8.47533632286996,5,465.482142857143,7,"cytokine"
"1071","IL15","IL2RB",7.07329842931937,4,554.4,6,"cytokine"
"1100","IL15","IL2RG",5.53351955307263,1,707.304469273743,1,"cytokine"
"989","CXCL16","CXCR6",5.0625,2,772.026178010471,4,"cytokine"
"204","CCL3L1","CCR5",29.8463687150838,1,130.318385650224,5,"cytokine"
"51","CCL20","CXCR3",11.1,6,346.55,6,"cytokine"
"230","CCL3L3","CCR5",56.90625,6,67.3387096774194,3,"cytokine"
"215","CCL3L3","CCR5",74.7261904761905,8,50.84375,2,"cytokine"
"975","CXCL13","CXCR5",450.532258064516,3,8.41935483870968,3,"cytokine"
"296","CCL3","CCR1",450.21875,6,8.41620111731844,1,"cytokine"
"311","CCL3","CCR1",259.937172774869,4,14.5677083333333,2,"cytokine"
"1213","IL16","KCNA3",171.125,2,22.1190476190476,8,"cytokine"
"50","CCL20","CXCR3",11.1,6,340.690476190476,7,"cytokine"
"360","CCL3","CCR4",226.668161434978,5,16.5586592178771,1,"cytokine"
"41","CCL20","CXCR3",9.89285714285714,7,377.928571428571,8,"cytokine"
"253","CCL3L3","CCR5",41.3924731182796,3,89.2146596858639,4,"cytokine"
"984","CXCL13","CXCR5",167.72905027933,1,21.9385474860335,1,"cytokine"
"1239","IL22","IL10RA",8.80628272251309,4,415.452380952381,7,"cytokine"
"59","CCL20","CXCR3",10.52466367713,5,346.55,6,"cytokine"
"372","CCL3","CCR4",219.02688172043,3,16.5586592178771,1,"cytokine"
"193","CCL3L1","CCR5",21.84375,2,165.952380952381,8,"cytokine"
"195","CCL3L1","CCR5",21.84375,2,164.8125,6,"cytokine"
"58","CCL20","CXCR3",10.52466367713,5,340.690476190476,7,"cytokine"
"977","CXCL13","CXCR5",280.041666666667,2,12.7982062780269,5,"cytokine"
"353","CCL3","CCR4",450.21875,6,7.87096774193548,3,"cytokine"
"78","CCL20","CXCR3",18.3072625698324,1,192.424731182796,3,"cytokine"
"971","CXCL13","CXCR5",416.947643979058,4,8.41935483870968,3,"cytokine"
"363","CCL3","CCR4",259.937172774869,4,13.4843049327354,5,"cytokine"
"326","CCL3","CCR1",147.65625,2,23.7311827956989,3,"cytokine"
"1072","IL15","IL2RB",7.07329842931937,4,490.538116591928,5,"cytokine"
"43","CCL20","CXCR3",9.89285714285714,7,346.55,6,"cytokine"
"108","CCL3L1","CCR1",36.4708520179372,5,93.8744394618834,5,"cytokine"
"1069","IL15","IL2RB",7.07329842931937,4,483.958333333333,8,"cytokine"
"151","CCL3L1","CCR5",67.1607142857143,8,50.84375,2,"cytokine"
"124","CCL3L1","CCR1",36.1774193548387,3,93.8744394618834,5,"cytokine"
"1240","IL22","IL10RA",8.80628272251309,4,384.24375,6,"cytokine"
"42","CCL20","CXCR3",9.89285714285714,7,340.690476190476,7,"cytokine"
"131","CCL3L1","CCR1",21.84375,2,154.0375,6,"cytokine"
"260","CCL3L3","CCR5",25.6354166666667,2,130.318385650224,5,"cytokine"
"303","CCL3","CCR1",226.668161434978,5,14.5677083333333,2,"cytokine"
"1070","IL15","IL2RB",7.07329842931937,4,465.482142857143,7,"cytokine"
"52","CCL20","CXCR3",11.1,6,296.14798206278,5,"cytokine"
"246","CCL3L3","CCR5",48.6649214659686,4,67.3387096774194,3,"cytokine"
"137","CCL3L1","CCR1",29.8463687150838,1,109.607142857143,8,"cytokine"
"1223","IL16","KCNA3",97.3491620111732,1,33.43125,6,"cytokine"
"173","CCL3L1","CCR5",36.4708520179372,5,89.2146596858639,4,"cytokine"
"159","CCL3L1","CCR5",63.6607142857143,7,50.84375,2,"cytokine"
"189","CCL3L1","CCR5",36.1774193548387,3,89.2146596858639,4,"cytokine"
"319","CCL3","CCR1",219.02688172043,3,14.5677083333333,2,"cytokine"
"101","CCL3L1","CCR1",44.98125,6,69.9528795811518,4,"cytokine"
"1037","IL10","SIRPG",16.7258064516129,3,186.649214659686,4,"cytokine"
"117","CCL3L1","CCR1",44.6073298429319,4,69.9528795811518,4,"cytokine"
"60","CCL20","CXCR3",10.52466367713,5,296.14798206278,5,"cytokine"
"974","CXCL13","CXCR5",450.532258064516,3,6.87434554973822,4,"cytokine"
"1241","IL22","IL10RA",8.80628272251309,4,349.295964125561,5,"cytokine"
"1079","IL15","IL2RB",5.53351955307263,1,554.4,6,"cytokine"
"357","CCL3","CCR4",226.668161434978,5,13.4843049327354,5,"cytokine"
"238","CCL3L3","CCR5",45.2780269058296,5,67.3387096774194,3,"cytokine"
"166","CCL3L1","CCR5",44.98125,6,67.3387096774194,3,"cytokine"
"182","CCL3L1","CCR5",44.6073298429319,4,67.3387096774194,3,"cytokine"
"1038","IL10","SIRPG",16.7258064516129,3,177.381720430108,3,"cytokine"
"369","CCL3","CCR4",219.02688172043,3,13.4843049327354,5,"cytokine"
"1286","IL23A","IL12RB1",28.4525139664804,1,103.196428571429,8,"cytokine"
"990","CXCL16","CXCR6",5.0625,2,579.790322580645,3,"cytokine"
"44","CCL20","CXCR3",9.89285714285714,7,296.14798206278,5,"cytokine"
"231","CCL3L3","CCR5",56.90625,6,50.84375,2,"cytokine"
"364","CCL3","CCR4",259.937172774869,4,11.0994764397906,4,"cytokine"
"991","CXCL16","CXCR6",5.0625,2,567.234375,2,"cytokine"
"970","CXCL13","CXCR5",416.947643979058,4,6.87434554973822,4,"cytokine"
"196","CCL3L1","CCR5",21.84375,2,130.318385650224,5,"cytokine"
"269","CCL3L3","CCR5",31.8938547486034,1,89.2146596858639,4,"cytokine"
"1287","IL23A","IL12RB1",28.4525139664804,1,99.9761904761905,7,"cytokine"
"1018","IL10","IL10RB",16.7258064516129,3,170.017857142857,7,"cytokine"
"1164","IL16","CCR5",97.3491620111732,1,29.1368715083799,1,"cytokine"
"374","CCL3","CCR4",147.65625,2,19.1785714285714,7,"cytokine"
"1332","IL2","IL2RB",8.47533632286996,5,330.931937172775,4,"cytokine"
"140","CCL3L1","CCR1",29.8463687150838,1,93.8744394618834,5,"cytokine"
"254","CCL3L3","CCR5",41.3924731182796,3,67.3387096774194,3,"cytokine"
"1019","IL10","IL10RB",16.7258064516129,3,164.6625,6,"cytokine"
"1080","IL15","IL2RB",5.53351955307263,1,490.538116591928,5,"cytokine"
"1017","IL10","IL10RB",16.7258064516129,3,162.238095238095,8,"cytokine"
"1244","IL22","IL10RA",8.80628272251309,4,307.963541666667,2,"cytokine"
"53","CCL20","CXCR3",11.1,6,242.109947643979,4,"cytokine"
"1077","IL15","IL2RB",5.53351955307263,1,483.958333333333,8,"cytokine"
"205","CCL3L1","CCR5",29.8463687150838,1,89.2146596858639,4,"cytokine"
"79","CCL20","CXCR3",18.3072625698324,1,142.015625,2,"cytokine"
"1238","IL22","IL10RA",8.80628272251309,4,292.761904761905,8,"cytokine"
"1078","IL15","IL2RB",5.53351955307263,1,465.482142857143,7,"cytokine"
"109","CCL3L1","CCR1",36.4708520179372,5,69.9528795811518,4,"cytokine"
"61","CCL20","CXCR3",10.52466367713,5,242.109947643979,4,"cytokine"
"125","CCL3L1","CCR1",36.1774193548387,3,69.9528795811518,4,"cytokine"
"358","CCL3","CCR4",226.668161434978,5,11.0994764397906,4,"cytokine"
"1245","IL22","IL10RA",8.80628272251309,4,285.432960893855,1,"cytokine"
"247","CCL3L3","CCR5",48.6649214659686,4,50.84375,2,"cytokine"
"174","CCL3L1","CCR5",36.4708520179372,5,67.3387096774194,3,"cytokine"
"378","CCL3","CCR4",147.65625,2,16.5586592178771,1,"cytokine"
"190","CCL3L1","CCR5",36.1774193548387,3,67.3387096774194,3,"cytokine"
"370","CCL3","CCR4",219.02688172043,3,11.0994764397906,4,"cytokine"
"45","CCL20","CXCR3",9.89285714285714,7,242.109947643979,4,"cytokine"
"129","CCL3L1","CCR1",21.84375,2,109.607142857143,8,"cytokine"
"80","CCL20","CXCR3",18.3072625698324,1,130.768156424581,1,"cytokine"
"1333","IL2","IL2RB",8.47533632286996,5,279.370967741935,3,"cytokine"
"979","CXCL13","CXCR5",280.041666666667,2,8.41935483870968,3,"cytokine"
"1073","IL15","IL2RB",7.07329842931937,4,330.931937172775,4,"cytokine"
"224","CCL3L3","CCR5",79.4345238095238,7,29.1368715083799,1,"cytokine"
"239","CCL3L3","CCR5",45.2780269058296,5,50.84375,2,"cytokine"
"261","CCL3L3","CCR5",25.6354166666667,2,89.2146596858639,4,"cytokine"
"167","CCL3L1","CCR5",44.98125,6,50.84375,2,"cytokine"
"448","CCL3","CCR5",77.8631284916201,1,29.1368715083799,1,"cytokine"
"183","CCL3L1","CCR5",44.6073298429319,4,50.84375,2,"cytokine"
"1242","IL22","IL10RA",8.80628272251309,4,256.502617801047,4,"cytokine"
"312","CCL3","CCR1",259.937172774869,4,8.41620111731844,1,"cytokine"
"216","CCL3L3","CCR5",74.7261904761905,8,29.1368715083799,1,"cytokine"
"1221","IL16","KCNA3",97.3491620111732,1,22.1190476190476,8,"cytokine"
"327","CCL3","CCR1",147.65625,2,14.5677083333333,2,"cytokine"
"270","CCL3L3","CCR5",31.8938547486034,1,67.3387096774194,3,"cytokine"
"981","CXCL13","CXCR5",167.72905027933,1,12.7982062780269,5,"cytokine"
"54","CCL20","CXCR3",11.1,6,192.424731182796,3,"cytokine"
"1289","IL23A","IL12RB1",28.4525139664804,1,74.8923766816144,5,"cytokine"
"379","CCL3","CCR4",77.8631284916201,1,27.1845238095238,8,"cytokine"
"255","CCL3L3","CCR5",41.3924731182796,3,50.84375,2,"cytokine"
"1243","IL22","IL10RA",8.80628272251309,4,238.876344086022,3,"cytokine"
"141","CCL3L1","CCR1",29.8463687150838,1,69.9528795811518,4,"cytokine"
"132","CCL3L1","CCR1",21.84375,2,93.8744394618834,5,"cytokine"
"1039","IL10","SIRPG",16.7258064516129,3,122.552083333333,2,"cytokine"
"365","CCL3","CCR4",259.937172774869,4,7.87096774193548,3,"cytokine"
"1020","IL10","IL10RB",16.7258064516129,3,121.349775784753,5,"cytokine"
"62","CCL20","CXCR3",10.52466367713,5,192.424731182796,3,"cytokine"
"206","CCL3L1","CCR5",29.8463687150838,1,67.3387096774194,3,"cytokine"
"65","CCL20","CXCR3",5.296875,2,377.928571428571,8,"cytokine"
"375","CCL3","CCR4",147.65625,2,13.4843049327354,5,"cytokine"
"1074","IL15","IL2RB",7.07329842931937,4,279.370967741935,3,"cytokine"
"152","CCL3L1","CCR5",67.1607142857143,8,29.1368715083799,1,"cytokine"
"1021","IL10","IL10RB",16.7258064516129,3,116.979057591623,4,"cytokine"
"197","CCL3L1","CCR5",21.84375,2,89.2146596858639,4,"cytokine"
"978","CXCL13","CXCR5",280.041666666667,2,6.87434554973822,4,"cytokine"
"304","CCL3","CCR1",226.668161434978,5,8.41620111731844,1,"cytokine"
"46","CCL20","CXCR3",9.89285714285714,7,192.424731182796,3,"cytokine"
"160","CCL3L1","CCR5",63.6607142857143,7,29.1368715083799,1,"cytokine"
"175","CCL3L1","CCR5",36.4708520179372,5,50.84375,2,"cytokine"
"334","CCL3","CCR1",77.8631284916201,1,23.7311827956989,3,"cytokine"
"320","CCL3","CCR1",219.02688172043,3,8.41620111731844,1,"cytokine"
"191","CCL3L1","CCR5",36.1774193548387,3,50.84375,2,"cytokine"
"67","CCL20","CXCR3",5.296875,2,346.55,6,"cytokine"
"1081","IL15","IL2RB",5.53351955307263,1,330.931937172775,4,"cytokine"
"66","CCL20","CXCR3",5.296875,2,340.690476190476,7,"cytokine"
"1254","IL22","IL21R",8.80628272251309,4,204.482142857143,8,"cytokine"
"359","CCL3","CCR4",226.668161434978,5,7.87096774193548,3,"cytokine"
"1022","IL10","IL10RB",16.7258064516129,3,106.290322580645,3,"cytokine"
"1334","IL2","IL2RB",8.47533632286996,5,208.286458333333,2,"cytokine"
"262","CCL3L3","CCR5",25.6354166666667,2,67.3387096774194,3,"cytokine"
"371","CCL3","CCR4",219.02688172043,3,7.87096774193548,3,"cytokine"
"232","CCL3L3","CCR5",56.90625,6,29.1368715083799,1,"cytokine"
"376","CCL3","CCR4",147.65625,2,11.0994764397906,4,"cytokine"
"271","CCL3L3","CCR5",31.8938547486034,1,50.84375,2,"cytokine"
"1335","IL2","IL2RB",8.47533632286996,5,189.798882681564,1,"cytokine"
"86","CCL3L1","CCR1",67.1607142857143,8,23.7311827956989,3,"cytokine"
"1023","IL10","IL10RB",16.7258064516129,3,94.5677083333333,2,"cytokine"
"55","CCL20","CXCR3",11.1,6,142.015625,2,"cytokine"
"68","CCL20","CXCR3",5.296875,2,296.14798206278,5,"cytokine"
"1040","IL10","SIRPG",16.7258064516129,3,93.1536312849162,1,"cytokine"
"1082","IL15","IL2RB",5.53351955307263,1,279.370967741935,3,"cytokine"
"133","CCL3L1","CCR1",21.84375,2,69.9528795811518,4,"cytokine"
"207","CCL3L1","CCR5",29.8463687150838,1,50.84375,2,"cytokine"
"94","CCL3L1","CCR1",63.6607142857143,7,23.7311827956989,3,"cytokine"
"1247","IL22","IL10RB",8.80628272251309,4,170.017857142857,7,"cytokine"
"63","CCL20","CXCR3",10.52466367713,5,142.015625,2,"cytokine"
"380","CCL3","CCR4",77.8631284916201,1,19.1785714285714,7,"cytokine"
"1075","IL15","IL2RB",7.07329842931937,4,208.286458333333,2,"cytokine"
"198","CCL3L1","CCR5",21.84375,2,67.3387096774194,3,"cytokine"
"1290","IL23A","IL12RB1",28.4525139664804,1,51.4659685863874,4,"cytokine"
"56","CCL20","CXCR3",11.1,6,130.768156424581,1,"cytokine"
"1248","IL22","IL10RB",8.80628272251309,4,164.6625,6,"cytokine"
"1246","IL22","IL10RB",8.80628272251309,4,162.238095238095,8,"cytokine"
"248","CCL3L3","CCR5",48.6649214659686,4,29.1368715083799,1,"cytokine"
"983","CXCL13","CXCR5",167.72905027933,1,8.41935483870968,3,"cytokine"
"47","CCL20","CXCR3",9.89285714285714,7,142.015625,2,"cytokine"
"64","CCL20","CXCR3",10.52466367713,5,130.768156424581,1,"cytokine"
"1291","IL23A","IL12RB1",28.4525139664804,1,48.1129032258064,3,"cytokine"
"1288","IL23A","IL12RB1",28.4525139664804,1,47.83125,6,"cytokine"
"1076","IL15","IL2RB",7.07329842931937,4,189.798882681564,1,"cytokine"
"1260","IL22","IL21R",8.80628272251309,4,149.9375,2,"cytokine"
"240","CCL3L3","CCR5",45.2780269058296,5,29.1368715083799,1,"cytokine"
"1256","IL22","IL21R",8.80628272251309,4,149.2125,6,"cytokine"
"168","CCL3L1","CCR5",44.98125,6,29.1368715083799,1,"cytokine"
"263","CCL3L3","CCR5",25.6354166666667,2,50.84375,2,"cytokine"
"184","CCL3L1","CCR5",44.6073298429319,4,29.1368715083799,1,"cytokine"
"48","CCL20","CXCR3",9.89285714285714,7,130.768156424581,1,"cytokine"
"384","CCL3","CCR4",77.8631284916201,1,16.5586592178771,1,"cytokine"
"69","CCL20","CXCR3",5.296875,2,242.109947643979,4,"cytokine"
"328","CCL3","CCR1",147.65625,2,8.41620111731844,1,"cytokine"
"992","CXCL16","CXCR6",5.0625,2,238.27094972067,1,"cytokine"
"256","CCL3L3","CCR5",41.3924731182796,3,29.1368715083799,1,"cytokine"
"377","CCL3","CCR4",147.65625,2,7.87096774193548,3,"cytokine"
"1293","IL23A","IL12RB1",28.4525139664804,1,40.6759776536313,1,"cytokine"
"982","CXCL13","CXCR5",167.72905027933,1,6.87434554973822,4,"cytokine"
"1083","IL15","IL2RB",5.53351955307263,1,208.286458333333,2,"cytokine"
"1259","IL22","IL21R",8.80628272251309,4,130.58064516129,3,"cytokine"
"36","CCL20","CCR6",18.3072625698324,1,62.4843049327354,5,"cytokine"
"1230","IL17A","IL17RA",38.1748878923767,5,29.8511904761905,7,"cytokine"
"335","CCL3","CCR1",77.8631284916201,1,14.5677083333333,2,"cytokine"
"1024","IL10","IL10RB",16.7258064516129,3,66.9525139664805,1,"cytokine"
"199","CCL3L1","CCR5",21.84375,2,50.84375,2,"cytokine"
"1231","IL17A","IL17RA",38.1748878923767,5,29.06875,6,"cytokine"
"1262","IL23A","IL12RB1",10.71875,6,103.196428571429,8,"cytokine"
"1263","IL23A","IL12RB1",10.71875,6,99.9761904761905,7,"cytokine"
"1249","IL22","IL10RB",8.80628272251309,4,121.349775784753,5,"cytokine"
"102","CCL3L1","CCR1",44.98125,6,23.7311827956989,3,"cytokine"
"176","CCL3L1","CCR5",36.4708520179372,5,29.1368715083799,1,"cytokine"
"118","CCL3L1","CCR1",44.6073298429319,4,23.7311827956989,3,"cytokine"
"192","CCL3L1","CCR5",36.1774193548387,3,29.1368715083799,1,"cytokine"
"1084","IL15","IL2RB",5.53351955307263,1,189.798882681564,1,"cytokine"
"381","CCL3","CCR4",77.8631284916201,1,13.4843049327354,5,"cytokine"
"1250","IL22","IL10RB",8.80628272251309,4,116.979057591623,4,"cytokine"
"70","CCL20","CXCR3",5.296875,2,192.424731182796,3,"cytokine"
"1236","IL17A","IL17RA",38.1748878923767,5,26.4441340782123,1,"cytokine"
"1278","IL23A","IL12RB1",9.50520833333333,2,103.196428571429,8,"cytokine"
"1257","IL22","IL21R",8.80628272251309,4,111.309417040359,5,"cytokine"
"87","CCL3L1","CCR1",67.1607142857143,8,14.5677083333333,2,"cytokine"
"1261","IL22","IL21R",8.80628272251309,4,110.296089385475,1,"cytokine"
"1258","IL22","IL21R",8.80628272251309,4,108.623036649215,4,"cytokine"
"1279","IL23A","IL12RB1",9.50520833333333,2,99.9761904761905,7,"cytokine"
"1251","IL22","IL10RB",8.80628272251309,4,106.290322580645,3,"cytokine"
"272","CCL3L3","CCR5",31.8938547486034,1,29.1368715083799,1,"cytokine"
"95","CCL3L1","CCR1",63.6607142857143,7,14.5677083333333,2,"cytokine"
"33","CCL20","CCR6",18.3072625698324,1,49.7619047619048,8,"cytokine"
"1292","IL23A","IL12RB1",28.4525139664804,1,31.1458333333333,2,"cytokine"
"208","CCL3L1","CCR5",29.8463687150838,1,29.1368715083799,1,"cytokine"
"110","CCL3L1","CCR1",36.4708520179372,5,23.7311827956989,3,"cytokine"
"382","CCL3","CCR4",77.8631284916201,1,11.0994764397906,4,"cytokine"
"126","CCL3L1","CCR1",36.1774193548387,3,23.7311827956989,3,"cytokine"
"1252","IL22","IL10RB",8.80628272251309,4,94.5677083333333,2,"cytokine"
"1255","IL22","IL21R",8.80628272251309,4,93.7380952380952,7,"cytokine"
"35","CCL20","CCR6",18.3072625698324,1,44.175,6,"cytokine"
"1265","IL23A","IL12RB1",10.71875,6,74.8923766816144,5,"cytokine"
"71","CCL20","CXCR3",5.296875,2,142.015625,2,"cytokine"
"264","CCL3L3","CCR5",25.6354166666667,2,29.1368715083799,1,"cytokine"
"1229","IL17A","IL17RA",38.1748878923767,5,19.4642857142857,8,"cytokine"
"1309","IL23A","IL23R",28.4525139664804,1,25.66875,6,"cytokine"
"37","CCL20","CCR6",18.3072625698324,1,39.7853403141361,4,"cytokine"
"1311","IL23A","IL23R",28.4525139664804,1,25.3717277486911,4,"cytokine"
"1234","IL17A","IL17RA",38.1748878923767,5,18.7311827956989,3,"cytokine"
"1281","IL23A","IL12RB1",9.50520833333333,2,74.8923766816144,5,"cytokine"
"142","CCL3L1","CCR1",29.8463687150838,1,23.7311827956989,3,"cytokine"
"12","CCL20","CCR6",11.1,6,62.4843049327354,5,"cytokine"
"72","CCL20","CXCR3",5.296875,2,130.768156424581,1,"cytokine"
"1270","IL23A","IL12RB1",6.38219895287958,4,103.196428571429,8,"cytokine"
"20","CCL20","CCR6",10.52466367713,5,62.4843049327354,5,"cytokine"
"1232","IL17A","IL17RA",38.1748878923767,5,17.1838565022422,5,"cytokine"
"336","CCL3","CCR1",77.8631284916201,1,8.41620111731844,1,"cytokine"
"103","CCL3L1","CCR1",44.98125,6,14.5677083333333,2,"cytokine"
"119","CCL3L1","CCR1",44.6073298429319,4,14.5677083333333,2,"cytokine"
"1271","IL23A","IL12RB1",6.38219895287958,4,99.9761904761905,7,"cytokine"
"200","CCL3L1","CCR5",21.84375,2,29.1368715083799,1,"cytokine"
"4","CCL20","CCR6",9.89285714285714,7,62.4843049327354,5,"cytokine"
"383","CCL3","CCR4",77.8631284916201,1,7.87096774193548,3,"cytokine"
"1253","IL22","IL10RB",8.80628272251309,4,66.9525139664805,1,"cytokine"
"40","CCL20","CCR6",18.3072625698324,1,31.4525139664804,1,"cytokine"
"88","CCL3L1","CCR1",67.1607142857143,8,8.41620111731844,1,"cytokine"
"1310","IL23A","IL23R",28.4525139664804,1,19.8206278026906,5,"cytokine"
"9","CCL20","CCR6",11.1,6,49.7619047619048,8,"cytokine"
"1266","IL23A","IL12RB1",10.71875,6,51.4659685863874,4,"cytokine"
"96","CCL3L1","CCR1",63.6607142857143,7,8.41620111731844,1,"cytokine"
"111","CCL3L1","CCR1",36.4708520179372,5,14.5677083333333,2,"cytokine"
"127","CCL3L1","CCR1",36.1774193548387,3,14.5677083333333,2,"cytokine"
"17","CCL20","CCR6",10.52466367713,5,49.7619047619048,8,"cytokine"
"34","CCL20","CCR6",18.3072625698324,1,28.452380952381,7,"cytokine"
"134","CCL3L1","CCR1",21.84375,2,23.7311827956989,3,"cytokine"
"1267","IL23A","IL12RB1",10.71875,6,48.1129032258064,3,"cytokine"
"1264","IL23A","IL12RB1",10.71875,6,47.83125,6,"cytokine"
"1235","IL17A","IL17RA",38.1748878923767,5,13.2916666666667,2,"cytokine"
"39","CCL20","CCR6",18.3072625698324,1,27.5989583333333,2,"cytokine"
"1","CCL20","CCR6",9.89285714285714,7,49.7619047619048,8,"cytokine"
"1233","IL17A","IL17RA",38.1748878923767,5,12.8795811518325,4,"cytokine"
"11","CCL20","CCR6",11.1,6,44.175,6,"cytokine"
"1282","IL23A","IL12RB1",9.50520833333333,2,51.4659685863874,4,"cytokine"
"1273","IL23A","IL12RB1",6.38219895287958,4,74.8923766816144,5,"cytokine"
"19","CCL20","CCR6",10.52466367713,5,44.175,6,"cytokine"
"1283","IL23A","IL12RB1",9.50520833333333,2,48.1129032258064,3,"cytokine"
"1280","IL23A","IL12RB1",9.50520833333333,2,47.83125,6,"cytokine"
"13","CCL20","CCR6",11.1,6,39.7853403141361,4,"cytokine"
"3","CCL20","CCR6",9.89285714285714,7,44.175,6,"cytokine"
"1269","IL23A","IL12RB1",10.71875,6,40.6759776536313,1,"cytokine"
"143","CCL3L1","CCR1",29.8463687150838,1,14.5677083333333,2,"cytokine"
"21","CCL20","CCR6",10.52466367713,5,39.7853403141361,4,"cytokine"
"5","CCL20","CCR6",9.89285714285714,7,39.7853403141361,4,"cytokine"
"1285","IL23A","IL12RB1",9.50520833333333,2,40.6759776536313,1,"cytokine"
"104","CCL3L1","CCR1",44.98125,6,8.41620111731844,1,"cytokine"
"120","CCL3L1","CCR1",44.6073298429319,4,8.41620111731844,1,"cytokine"
"38","CCL20","CCR6",18.3072625698324,1,20.494623655914,3,"cytokine"
"1322","IL2","IL2RA",8.47533632286996,5,42.0178571428571,8,"cytokine"
"16","CCL20","CCR6",11.1,6,31.4525139664804,1,"cytokine"
"1268","IL23A","IL12RB1",10.71875,6,31.1458333333333,2,"cytokine"
"24","CCL20","CCR6",10.52466367713,5,31.4525139664804,1,"cytokine"
"28","CCL20","CCR6",5.296875,2,62.4843049327354,5,"cytokine"
"1274","IL23A","IL12RB1",6.38219895287958,4,51.4659685863874,4,"cytokine"
"135","CCL3L1","CCR1",21.84375,2,14.5677083333333,2,"cytokine"
"10","CCL20","CCR6",11.1,6,28.452380952381,7,"cytokine"
"8","CCL20","CCR6",9.89285714285714,7,31.4525139664804,1,"cytokine"
"1312","IL23A","IL23R",28.4525139664804,1,10.8387096774194,3,"cytokine"
"1275","IL23A","IL12RB1",6.38219895287958,4,48.1129032258064,3,"cytokine"
"112","CCL3L1","CCR1",36.4708520179372,5,8.41620111731844,1,"cytokine"
"15","CCL20","CCR6",11.1,6,27.5989583333333,2,"cytokine"
"1272","IL23A","IL12RB1",6.38219895287958,4,47.83125,6,"cytokine"
"128","CCL3L1","CCR1",36.1774193548387,3,8.41620111731844,1,"cytokine"
"18","CCL20","CCR6",10.52466367713,5,28.452380952381,7,"cytokine"
"1237","IL17A","IL17RC",38.1748878923767,5,7.81151832460733,4,"cytokine"
"1057","IL15","IL2RA",7.07329842931937,4,42.0178571428571,8,"cytokine"
"1284","IL23A","IL12RB1",9.50520833333333,2,31.1458333333333,2,"cytokine"
"23","CCL20","CCR6",10.52466367713,5,27.5989583333333,2,"cytokine"
"2","CCL20","CCR6",9.89285714285714,7,28.452380952381,7,"cytokine"
"1294","IL23A","IL23R",10.71875,6,25.66875,6,"cytokine"
"7","CCL20","CCR6",9.89285714285714,7,27.5989583333333,2,"cytokine"
"1296","IL23A","IL23R",10.71875,6,25.3717277486911,4,"cytokine"
"25","CCL20","CCR6",5.296875,2,49.7619047619048,8,"cytokine"
"1277","IL23A","IL12RB1",6.38219895287958,4,40.6759776536313,1,"cytokine"
"144","CCL3L1","CCR1",29.8463687150838,1,8.41620111731844,1,"cytokine"
"1304","IL23A","IL23R",9.50520833333333,2,25.66875,6,"cytokine"
"1306","IL23A","IL23R",9.50520833333333,2,25.3717277486911,4,"cytokine"
"27","CCL20","CCR6",5.296875,2,44.175,6,"cytokine"
"1063","IL15","IL2RA",5.53351955307263,1,42.0178571428571,8,"cytokine"
"14","CCL20","CCR6",11.1,6,20.494623655914,3,"cytokine"
"22","CCL20","CCR6",10.52466367713,5,20.494623655914,3,"cytokine"
"1295","IL23A","IL23R",10.71875,6,19.8206278026906,5,"cytokine"
"29","CCL20","CCR6",5.296875,2,39.7853403141361,4,"cytokine"
"6","CCL20","CCR6",9.89285714285714,7,20.494623655914,3,"cytokine"
"1276","IL23A","IL12RB1",6.38219895287958,4,31.1458333333333,2,"cytokine"
"1305","IL23A","IL23R",9.50520833333333,2,19.8206278026906,5,"cytokine"
"136","CCL3L1","CCR1",21.84375,2,8.41620111731844,1,"cytokine"
"32","CCL20","CCR6",5.296875,2,31.4525139664804,1,"cytokine"
"1299","IL23A","IL23R",6.38219895287958,4,25.66875,6,"cytokine"
"1301","IL23A","IL23R",6.38219895287958,4,25.3717277486911,4,"cytokine"
"1313","IL23A","IL23R",28.4525139664804,1,5.46875,2,"cytokine"
"26","CCL20","CCR6",5.296875,2,28.452380952381,7,"cytokine"
"31","CCL20","CCR6",5.296875,2,27.5989583333333,2,"cytokine"
"1041","IL15","IL15RA",7.07329842931937,4,20.1190476190476,8,"cytokine"
"1046","IL15","IL15RA",7.07329842931937,4,19.8333333333333,3,"cytokine"
"1042","IL15","IL15RA",7.07329842931937,4,18.8630952380952,7,"cytokine"
"1044","IL15","IL15RA",7.07329842931937,4,18.5739910313901,5,"cytokine"
"1300","IL23A","IL23R",6.38219895287958,4,19.8206278026906,5,"cytokine"
"1325","IL2","IL2RA",8.47533632286996,5,14.0261780104712,4,"cytokine"
"1297","IL23A","IL23R",10.71875,6,10.8387096774194,3,"cytokine"
"1049","IL15","IL15RA",5.53351955307263,1,20.1190476190476,8,"cytokine"
"1043","IL15","IL15RA",7.07329842931937,4,15.64375,6,"cytokine"
"1054","IL15","IL15RA",5.53351955307263,1,19.8333333333333,3,"cytokine"
"30","CCL20","CCR6",5.296875,2,20.494623655914,3,"cytokine"
"1050","IL15","IL15RA",5.53351955307263,1,18.8630952380952,7,"cytokine"
"1307","IL23A","IL23R",9.50520833333333,2,10.8387096774194,3,"cytokine"
"1052","IL15","IL15RA",5.53351955307263,1,18.5739910313901,5,"cytokine"
"1060","IL15","IL2RA",7.07329842931937,4,14.0261780104712,4,"cytokine"
"1324","IL2","IL2RA",8.47533632286996,5,11.1973094170404,5,"cytokine"
"1326","IL2","IL2RA",8.47533632286996,5,10.6612903225806,3,"cytokine"
"1045","IL15","IL15RA",7.07329842931937,4,12.696335078534,4,"cytokine"
"1323","IL2","IL2RA",8.47533632286996,5,10.21875,6,"cytokine"
"1051","IL15","IL15RA",5.53351955307263,1,15.64375,6,"cytokine"
"1048","IL15","IL15RA",7.07329842931937,4,11.9469273743017,1,"cytokine"
"1059","IL15","IL2RA",7.07329842931937,4,11.1973094170404,5,"cytokine"
"1066","IL15","IL2RA",5.53351955307263,1,14.0261780104712,4,"cytokine"
"1061","IL15","IL2RA",7.07329842931937,4,10.6612903225806,3,"cytokine"
"1058","IL15","IL2RA",7.07329842931937,4,10.21875,6,"cytokine"
"1053","IL15","IL15RA",5.53351955307263,1,12.696335078534,4,"cytokine"
"1302","IL23A","IL23R",6.38219895287958,4,10.8387096774194,3,"cytokine"
"1327","IL2","IL2RA",8.47533632286996,5,8.08333333333333,2,"cytokine"
"1056","IL15","IL15RA",5.53351955307263,1,11.9469273743017,1,"cytokine"
"1065","IL15","IL2RA",5.53351955307263,1,11.1973094170404,5,"cytokine"
"1067","IL15","IL2RA",5.53351955307263,1,10.6612903225806,3,"cytokine"
"1298","IL23A","IL23R",10.71875,6,5.46875,2,"cytokine"
"1062","IL15","IL2RA",7.07329842931937,4,8.08333333333333,2,"cytokine"
"1064","IL15","IL2RA",5.53351955307263,1,10.21875,6,"cytokine"
"1308","IL23A","IL23R",9.50520833333333,2,5.46875,2,"cytokine"
"1344","IL2","NGFR",8.47533632286996,5,5.65083798882682,1,"cytokine"
"1068","IL15","IL2RA",5.53351955307263,1,8.08333333333333,2,"cytokine"
"1047","IL15","IL15RA",7.07329842931937,4,5.59375,2,"cytokine"
"1303","IL23A","IL23R",6.38219895287958,4,5.46875,2,"cytokine"
"1055","IL15","IL15RA",5.53351955307263,1,5.59375,2,"cytokine"
